-9.950000e+00, 0.000000e+00
-9.900000e+00, 0.000000e+00
-9.849999e+00, 0.000000e+00
-9.800000e+00, 0.000000e+00
-9.750000e+00, 0.000000e+00
-9.700000e+00, 0.000000e+00
-9.650000e+00, 0.000000e+00
-9.599999e+00, 0.000000e+00
-9.550000e+00, 0.000000e+00
-9.500000e+00, 0.000000e+00
-9.450000e+00, 0.000000e+00
-9.400000e+00, 0.000000e+00
-9.349999e+00, 0.000000e+00
-9.300000e+00, 0.000000e+00
-9.250000e+00, 0.000000e+00
-9.200000e+00, 0.000000e+00
-9.150000e+00, 0.000000e+00
-9.099999e+00, 0.000000e+00
-9.050000e+00, 0.000000e+00
-9.000000e+00, 0.000000e+00
-8.950000e+00, 0.000000e+00
-8.900000e+00, 0.000000e+00
-8.849999e+00, 0.000000e+00
-8.800000e+00, 0.000000e+00
-8.750000e+00, 0.000000e+00
-8.700000e+00, 0.000000e+00
-8.650000e+00, 0.000000e+00
-8.599999e+00, 0.000000e+00
-8.550000e+00, 0.000000e+00
-8.500000e+00, 0.000000e+00
-8.450000e+00, 0.000000e+00
-8.400000e+00, 0.000000e+00
-8.349999e+00, 0.000000e+00
-8.300000e+00, 0.000000e+00
-8.250000e+00, 0.000000e+00
-8.200000e+00, 0.000000e+00
-8.150000e+00, 0.000000e+00
-8.099999e+00, 0.000000e+00
-8.050000e+00, 0.000000e+00
-8.000000e+00, 0.000000e+00
-7.950000e+00, 0.000000e+00
-7.900000e+00, 0.000000e+00
-7.849999e+00, 0.000000e+00
-7.800000e+00, 0.000000e+00
-7.750000e+00, 0.000000e+00
-7.700000e+00, 0.000000e+00
-7.650000e+00, 0.000000e+00
-7.599999e+00, 0.000000e+00
-7.550000e+00, 0.000000e+00
-7.500000e+00, 0.000000e+00
-7.450000e+00, 0.000000e+00
-7.400000e+00, 0.000000e+00
-7.349999e+00, 0.000000e+00
-7.300000e+00, 0.000000e+00
-7.250000e+00, 0.000000e+00
-7.200000e+00, 0.000000e+00
-7.150000e+00, 0.000000e+00
-7.099999e+00, 0.000000e+00
-7.050000e+00, 0.000000e+00
-7.000000e+00, 0.000000e+00
-6.950000e+00, 0.000000e+00
-6.900000e+00, 0.000000e+00
-6.849999e+00, 0.000000e+00
-6.800000e+00, 0.000000e+00
-6.750000e+00, 0.000000e+00
-6.700000e+00, 0.000000e+00
-6.650000e+00, 0.000000e+00
-6.599999e+00, 0.000000e+00
-6.550000e+00, 0.000000e+00
-6.500000e+00, 0.000000e+00
-6.450000e+00, 0.000000e+00
-6.400000e+00, 0.000000e+00
-6.349999e+00, 0.000000e+00
-6.300000e+00, 0.000000e+00
-6.250000e+00, 0.000000e+00
-6.200000e+00, 0.000000e+00
-6.150000e+00, 0.000000e+00
-6.099999e+00, 0.000000e+00
-6.050000e+00, 0.000000e+00
-6.000000e+00, 0.000000e+00
-5.950000e+00, 0.000000e+00
-5.900000e+00, 0.000000e+00
-5.850000e+00, 0.000000e+00
-5.800000e+00, 0.000000e+00
-5.750000e+00, 0.000000e+00
-5.700000e+00, 0.000000e+00
-5.650000e+00, 0.000000e+00
-5.600000e+00, 0.000000e+00
-5.550000e+00, 0.000000e+00
-5.500000e+00, 0.000000e+00
-5.450000e+00, 0.000000e+00
-5.400000e+00, 0.000000e+00
-5.350000e+00, 0.000000e+00
-5.300000e+00, 0.000000e+00
-5.250000e+00, 0.000000e+00
-5.200000e+00, 0.000000e+00
-5.150000e+00, 0.000000e+00
-5.100000e+00, 0.000000e+00
-5.050000e+00, 0.000000e+00
-5.000000e+00, 0.000000e+00
-4.950000e+00, 0.000000e+00
-4.900000e+00, 0.000000e+00
-4.850000e+00, 0.000000e+00
-4.800000e+00, 0.000000e+00
-4.750000e+00, 0.000000e+00
-4.700000e+00, 0.000000e+00
-4.650000e+00, 0.000000e+00
-4.600000e+00, 0.000000e+00
-4.550000e+00, 0.000000e+00
-4.500000e+00, 0.000000e+00
-4.450000e+00, 0.000000e+00
-4.400000e+00, 0.000000e+00
-4.350000e+00, 0.000000e+00
-4.300000e+00, 0.000000e+00
-4.250000e+00, 0.000000e+00
-4.200000e+00, 0.000000e+00
-4.150000e+00, 0.000000e+00
-4.100000e+00, 0.000000e+00
-4.050000e+00, 0.000000e+00
-4.000000e+00, 0.000000e+00
-3.950000e+00, 0.000000e+00
-3.900000e+00, 0.000000e+00
-3.850000e+00, 0.000000e+00
-3.800000e+00, 0.000000e+00
-3.750000e+00, 0.000000e+00
-3.700000e+00, 0.000000e+00
-3.650000e+00, 0.000000e+00
-3.600000e+00, 0.000000e+00
-3.550000e+00, 0.000000e+00
-3.500000e+00, 0.000000e+00
-3.450000e+00, 0.000000e+00
-3.400000e+00, 0.000000e+00
-3.350000e+00, 0.000000e+00
-3.300000e+00, 0.000000e+00
-3.250000e+00, 0.000000e+00
-3.200000e+00, 0.000000e+00
-3.150000e+00, 0.000000e+00
-3.100000e+00, 0.000000e+00
-3.050000e+00, 0.000000e+00
-3.000000e+00, 0.000000e+00
-2.950000e+00, 0.000000e+00
-2.900000e+00, 0.000000e+00
-2.850000e+00, 0.000000e+00
-2.800000e+00, 0.000000e+00
-2.750000e+00, 0.000000e+00
-2.700000e+00, 0.000000e+00
-2.650000e+00, 0.000000e+00
-2.600000e+00, 0.000000e+00
-2.550000e+00, 0.000000e+00
-2.500000e+00, 0.000000e+00
-2.450000e+00, 0.000000e+00
-2.400000e+00, 0.000000e+00
-2.350000e+00, 0.000000e+00
-2.300000e+00, 0.000000e+00
-2.250000e+00, 0.000000e+00
-2.200000e+00, 0.000000e+00
-2.150000e+00, 0.000000e+00
-2.100000e+00, 0.000000e+00
-2.050000e+00, 0.000000e+00
-2.000000e+00, 0.000000e+00
-1.950000e+00, 0.000000e+00
-1.900000e+00, 0.000000e+00
-1.849999e+00, 0.000000e+00
-1.799999e+00, 0.000000e+00
-1.750000e+00, 0.000000e+00
-1.700000e+00, 0.000000e+00
-1.650000e+00, 0.000000e+00
-1.599999e+00, 0.000000e+00
-1.549999e+00, 0.000000e+00
-1.500000e+00, 0.000000e+00
-1.450000e+00, 0.000000e+00
-1.400000e+00, 0.000000e+00
-1.349999e+00, 0.000000e+00
-1.299999e+00, 0.000000e+00
-1.250000e+00, 0.000000e+00
-1.200000e+00, 0.000000e+00
-1.150000e+00, 0.000000e+00
-1.099999e+00, 0.000000e+00
-1.049999e+00, 0.000000e+00
-1.000000e+00, 0.000000e+00
-9.499998e-01, 0.000000e+00
-8.999996e-01, 0.000000e+00
-8.499994e-01, 0.000000e+00
-7.999992e-01, 0.000000e+00
-7.500000e-01, 0.000000e+00
-6.999998e-01, 0.000000e+00
-6.499996e-01, 0.000000e+00
-5.999994e-01, 0.000000e+00
-5.499992e-01, 0.000000e+00
-5.000000e-01, 0.000000e+00
-4.499998e-01, 0.000000e+00
-3.999996e-01, 0.000000e+00
-3.499994e-01, 0.000000e+00
-2.999992e-01, 0.000000e+00
-2.500000e-01, 0.000000e+00
-1.999998e-01, 0.000000e+00
-1.499996e-01, 0.000000e+00
-9.999943e-02, 0.000000e+00
-4.999924e-02, 0.000000e+00
0.000000e+00, 2.534396e+00
5.000019e-02, 2.549917e+00
1.000004e-01, 2.548000e+00
1.500006e-01, 2.561679e+00
2.000008e-01, 2.560952e+00
2.500000e-01, 2.577188e+00
3.000002e-01, 2.578413e+00
3.500004e-01, 2.599063e+00
4.000006e-01, 2.602983e+00
4.500008e-01, 2.630815e+00
5.000000e-01, 2.638763e+00
5.500002e-01, 2.679740e+00
6.000004e-01, 2.694823e+00
6.500006e-01, 2.767197e+00
7.000008e-01, 2.799583e+00
7.500000e-01, 3.040226e+00
8.000002e-01, 3.123344e+00
8.500004e-01, 2.876631e+00
9.000006e-01, 2.733961e+00
9.500008e-01, 2.603851e+00
1.000000e+00, 2.539899e+00
1.050000e+00, 2.486626e+00
1.100000e+00, 2.467141e+00
1.150001e+00, 2.449637e+00
1.200001e+00, 2.449299e+00
1.250000e+00, 2.446542e+00
1.300000e+00, 2.452965e+00
1.350000e+00, 2.454386e+00
1.400001e+00, 2.461019e+00
1.450001e+00, 2.462105e+00
1.500000e+00, 2.466463e+00
1.550000e+00, 2.465710e+00
1.600000e+00, 2.465344e+00
1.650001e+00, 2.459740e+00
1.700001e+00, 2.453989e+00
1.750000e+00, 2.444536e+00
1.800000e+00, 2.434921e+00
1.850000e+00, 2.420866e+00
1.900001e+00, 2.402615e+00
1.950001e+00, 2.381542e+00
2.000000e+00, 2.349305e+00
2.050000e+00, 2.324607e+00
2.100000e+00, 2.312752e+00
2.150001e+00, 2.300378e+00
2.200001e+00, 2.293423e+00
2.250000e+00, 2.285060e+00
2.300000e+00, 2.279898e+00
2.350000e+00, 2.273793e+00
2.400001e+00, 2.269392e+00
2.450001e+00, 2.263912e+00
2.500000e+00, 2.260595e+00
2.550000e+00, 2.255239e+00
2.600000e+00, 2.252218e+00
2.650001e+00, 2.249061e+00
2.700001e+00, 2.249120e+00
2.750000e+00, 2.247499e+00
2.800000e+00, 2.246433e+00
2.850000e+00, 2.243820e+00
2.900001e+00, 2.242901e+00
2.950001e+00, 2.240195e+00
3.000000e+00, 2.238365e+00
3.050000e+00, 2.235218e+00
3.100000e+00, 2.233289e+00
3.150001e+00, 2.230187e+00
3.200001e+00, 2.227244e+00
3.250000e+00, 2.224284e+00
3.300000e+00, 2.223548e+00
3.350000e+00, 2.221257e+00
3.400001e+00, 2.220636e+00
3.450001e+00, 2.219501e+00
3.500000e+00, 2.218104e+00
3.550000e+00, 2.215189e+00
3.600000e+00, 2.213456e+00
3.650001e+00, 2.210643e+00
3.700001e+00, 2.207952e+00
3.750000e+00, 2.205181e+00
3.800000e+00, 2.203849e+00
3.850000e+00, 2.201282e+00
3.900001e+00, 2.199365e+00
3.950001e+00, 2.196299e+00
4.000000e+00, 2.192924e+00
4.050000e+00, 2.189466e+00
4.100000e+00, 2.186807e+00
4.150001e+00, 2.183507e+00
4.200001e+00, 2.180328e+00
4.250000e+00, 2.177395e+00
4.300000e+00, 2.174734e+00
4.350000e+00, 2.172613e+00
4.400001e+00, 2.169876e+00
4.450001e+00, 2.166697e+00
4.500000e+00, 2.164644e+00
4.550000e+00, 2.161542e+00
4.600000e+00, 2.158972e+00
4.650001e+00, 2.156159e+00
4.700001e+00, 2.154079e+00
4.750000e+00, 2.152180e+00
4.800000e+00, 2.150225e+00
4.850000e+00, 2.148454e+00
4.900001e+00, 2.146391e+00
4.950001e+00, 2.144146e+00
5.000000e+00, 2.142605e+00
5.050000e+00, 2.140967e+00
5.100000e+00, 2.138852e+00
5.150001e+00, 2.135285e+00
5.200001e+00, 2.133584e+00
5.250000e+00, 2.131986e+00
5.300000e+00, 2.129669e+00
5.350000e+00, 2.127774e+00
5.400001e+00, 2.126804e+00
5.450001e+00, 2.125099e+00
5.500000e+00, 2.123639e+00
5.550000e+00, 2.122286e+00
5.600000e+00, 2.120557e+00
5.650001e+00, 2.118407e+00
5.700001e+00, 2.115577e+00
5.750000e+00, 2.113849e+00
5.800000e+00, 2.113173e+00
5.850000e+00, 2.110482e+00
5.900001e+00, 2.108094e+00
5.950001e+00, 2.105786e+00
6.000000e+00, 2.104652e+00
6.050000e+00, 2.103360e+00
6.100001e+00, 2.102970e+00
6.150001e+00, 2.102664e+00
6.200000e+00, 2.101269e+00
6.250001e+00, 2.099543e+00
6.300000e+00, 2.098217e+00
6.350001e+00, 2.096598e+00
6.400001e+00, 2.095314e+00
6.450000e+00, 2.094590e+00
6.500001e+00, 2.094065e+00
6.550000e+00, 2.094282e+00
6.600001e+00, 2.094814e+00
6.650001e+00, 2.095476e+00
6.700000e+00, 2.097003e+00
6.750001e+00, 2.098601e+00
6.800000e+00, 2.101250e+00
6.850001e+00, 2.102777e+00
6.900001e+00, 2.104044e+00
6.950000e+00, 2.105187e+00
7.000001e+00, 2.106875e+00
7.050000e+00, 2.109464e+00
7.100001e+00, 2.111671e+00
7.150001e+00, 2.113944e+00
7.200000e+00, 2.117793e+00
7.250001e+00, 2.121377e+00
7.300000e+00, 2.124589e+00
7.350001e+00, 2.128390e+00
7.400001e+00, 2.131796e+00
7.450000e+00, 2.134930e+00
7.500001e+00, 2.138374e+00
7.550000e+00, 2.141835e+00
7.600001e+00, 2.144884e+00
7.650001e+00, 2.147484e+00
7.700000e+00, 2.150782e+00
7.750001e+00, 2.153956e+00
7.800000e+00, 2.157484e+00
7.850001e+00, 2.161381e+00
7.900001e+00, 2.164525e+00
7.950000e+00, 2.167453e+00
8.000001e+00, 2.170474e+00
8.050000e+00, 2.173648e+00
8.100001e+00, 2.176633e+00
8.150001e+00, 2.179187e+00
8.200000e+00, 2.181812e+00
8.250001e+00, 2.183457e+00
8.300000e+00, 2.185149e+00
8.350001e+00, 2.186529e+00
8.400001e+00, 2.187361e+00
8.450000e+00, 2.189633e+00
8.500001e+00, 2.191994e+00
8.550000e+00, 2.194107e+00
8.600001e+00, 2.196450e+00
8.650001e+00, 2.198859e+00
8.700000e+00, 2.201298e+00
8.750001e+00, 2.203284e+00
8.800000e+00, 2.205443e+00
8.850001e+00, 2.206475e+00
8.900001e+00, 2.208774e+00
8.950000e+00, 2.210789e+00
9.000001e+00, 2.210466e+00
9.050000e+00, 2.210740e+00
9.100001e+00, 2.211272e+00
9.150001e+00, 2.212917e+00
9.200000e+00, 2.215544e+00
9.250001e+00, 2.216455e+00
9.300000e+00, 2.216330e+00
9.350001e+00, 2.216492e+00
9.400001e+00, 2.217427e+00
9.450000e+00, 2.218813e+00
9.500001e+00, 2.218588e+00
9.550000e+00, 2.217908e+00
9.600001e+00, 2.219014e+00
9.650001e+00, 2.219860e+00
9.700000e+00, 2.219119e+00
9.750001e+00, 2.218872e+00
9.800000e+00, 2.218950e+00
9.850001e+00, 2.218027e+00
9.900001e+00, 2.216650e+00
9.950000e+00, 2.216805e+00
1.000000e+01, 2.217756e+00
1.005000e+01, 2.217681e+00
1.010000e+01, 2.216654e+00
1.015000e+01, 2.215306e+00
1.020000e+01, 2.215332e+00
1.025000e+01, 2.214526e+00
1.030000e+01, 2.213672e+00
1.035000e+01, 2.212958e+00
1.040000e+01, 2.211502e+00
1.045000e+01, 2.208520e+00
1.050000e+01, 2.206614e+00
1.055000e+01, 2.206927e+00
1.060000e+01, 2.206963e+00
1.065000e+01, 2.207259e+00
1.070000e+01, 2.208185e+00
1.075000e+01, 2.207067e+00
1.080000e+01, 2.205005e+00
1.085000e+01, 2.204740e+00
1.090000e+01, 2.202577e+00
1.095000e+01, 2.199525e+00
1.100000e+01, 2.198080e+00
1.105000e+01, 2.198274e+00
1.110000e+01, 2.199787e+00
1.115000e+01, 2.199450e+00
1.120000e+01, 2.198835e+00
1.125000e+01, 2.198740e+00
1.130000e+01, 2.197576e+00
1.135000e+01, 2.195901e+00
1.140000e+01, 2.194164e+00
1.145000e+01, 2.194536e+00
1.150000e+01, 2.191182e+00
1.155000e+01, 2.186626e+00
1.160000e+01, 2.183225e+00
1.165000e+01, 2.179260e+00
1.170000e+01, 2.175890e+00
1.175000e+01, 2.172997e+00
1.180000e+01, 2.170859e+00
1.185000e+01, 2.167692e+00
1.190000e+01, 2.163204e+00
1.195000e+01, 2.158336e+00
1.200000e+01, 2.152997e+00
1.205000e+01, 2.146738e+00
1.210000e+01, 2.141819e+00
1.215000e+01, 2.134915e+00
1.220000e+01, 2.130056e+00
1.225000e+01, 2.124342e+00
1.230000e+01, 2.116810e+00
1.235000e+01, 2.109896e+00
1.240000e+01, 2.099131e+00
1.245000e+01, 2.086970e+00
1.250000e+01, 2.074949e+00
1.255000e+01, 2.062366e+00
1.260000e+01, 2.047942e+00
1.265000e+01, 2.032948e+00
1.270000e+01, 2.020615e+00
1.275000e+01, 2.008159e+00
1.280000e+01, 1.995337e+00
1.285000e+01, 1.980685e+00
1.290000e+01, 1.963843e+00
1.295000e+01, 1.947116e+00
1.300000e+01, 1.927933e+00
1.305000e+01, 1.905648e+00
1.310000e+01, 1.880399e+00
1.315000e+01, 1.853060e+00
1.320000e+01, 1.823079e+00
1.325000e+01, 1.788165e+00
1.330000e+01, 1.750635e+00
1.335000e+01, 1.712464e+00
1.340000e+01, 1.672085e+00
1.345000e+01, 1.629189e+00
1.350000e+01, 1.581831e+00
1.355000e+01, 1.529510e+00
1.360000e+01, 1.474032e+00
1.365000e+01, 1.414929e+00
1.370000e+01, 1.356106e+00
1.375000e+01, 1.292214e+00
1.380000e+01, 1.221432e+00
1.385000e+01, 1.145187e+00
1.390000e+01, 1.065271e+00
1.395000e+01, 9.819473e-01
1.400000e+01, 8.946521e-01
1.405000e+01, 8.044404e-01
1.410000e+01, 7.101882e-01
1.415000e+01, 6.132165e-01
1.420000e+01, 5.121912e-01
1.425000e+01, 4.117023e-01
1.430000e+01, 3.116262e-01
1.435000e+01, 2.161525e-01
1.440000e+01, 1.229820e-01
1.445000e+01, 3.695351e-02
1.450000e+01, -4.248546e-02
1.455000e+01, -1.107661e-01
1.460000e+01, -1.694559e-01
1.465000e+01, -2.159915e-01
1.470000e+01, -2.459071e-01
1.475000e+01, -2.627262e-01
1.480000e+01, -2.705609e-01
1.485000e+01, -2.675219e-01
1.490000e+01, -2.523009e-01
1.495000e+01, -2.260709e-01
1.500000e+01, -1.906863e-01
1.505000e+01, -1.489150e-01
1.510000e+01, -1.037742e-01
1.515000e+01, -5.788489e-02
1.520000e+01, -1.172408e-02
1.525000e+01, 3.412139e-02
1.530000e+01, 7.878379e-02
1.535000e+01, 1.218542e-01
1.540000e+01, 1.632142e-01
1.545000e+01, 2.020209e-01
1.550000e+01, 2.387271e-01
1.555000e+01, 2.740047e-01
1.560000e+01, 3.080190e-01
1.565000e+01, 3.410355e-01
1.570000e+01, 3.727170e-01
1.575000e+01, 4.025164e-01
1.580000e+01, 4.304258e-01
1.585000e+01, 4.570106e-01
1.590000e+01, 4.821705e-01
1.595000e+01, 5.061635e-01
1.600000e+01, 5.294263e-01
1.605000e+01, 5.514929e-01
1.610000e+01, 5.724823e-01
1.615000e+01, 5.921780e-01
1.620000e+01, 6.109731e-01
1.625000e+01, 6.292115e-01
1.630000e+01, 6.468437e-01
1.635000e+01, 6.634541e-01
1.640000e+01, 6.792006e-01
1.645000e+01, 6.945150e-01
1.650000e+01, 7.084372e-01
1.655000e+01, 7.217841e-01
1.660000e+01, 7.347465e-01
1.665000e+01, 7.469396e-01
1.670000e+01, 7.591054e-01
1.675000e+01, 7.700748e-01
1.680000e+01, 7.801068e-01
1.685000e+01, 7.893647e-01
1.690000e+01, 7.982188e-01
1.695000e+01, 8.068590e-01
1.700000e+01, 8.150709e-01
1.705000e+01, 8.232630e-01
1.710000e+01, 8.307492e-01
1.715000e+01, 8.381688e-01
1.720000e+01, 8.457192e-01
1.725000e+01, 8.524761e-01
1.730000e+01, 8.581972e-01
1.735000e+01, 8.636806e-01
1.740000e+01, 8.690525e-01
1.745000e+01, 8.737001e-01
1.750000e+01, 8.782519e-01
1.755000e+01, 8.825133e-01
1.760000e+01, 8.866143e-01
1.765000e+01, 8.902720e-01
1.770000e+01, 8.934672e-01
1.775000e+01, 8.969649e-01
1.780000e+01, 9.005576e-01
1.785000e+01, 9.035673e-01
1.790000e+01, 9.061880e-01
1.795000e+01, 9.085309e-01
1.800000e+01, 9.103926e-01
1.805000e+01, 9.122347e-01
1.810000e+01, 9.139770e-01
1.815000e+01, 9.156242e-01
1.820000e+01, 9.178070e-01
1.825000e+01, 9.203034e-01
1.830000e+01, 9.222206e-01
1.835000e+01, 9.244701e-01
1.840000e+01, 9.255998e-01
1.845000e+01, 9.257724e-01
1.850000e+01, 9.261018e-01
1.855000e+01, 9.263416e-01
1.860000e+01, 9.262967e-01
1.865000e+01, 9.264962e-01
1.870000e+01, 9.264165e-01
1.875000e+01, 9.257478e-01
1.880000e+01, 9.257893e-01
1.885000e+01, 9.258796e-01
1.890000e+01, 9.261236e-01
1.895000e+01, 9.261090e-01
1.900000e+01, 9.251671e-01
1.905000e+01, 9.231912e-01
1.910000e+01, 9.212067e-01
1.915000e+01, 9.200425e-01
1.920000e+01, 9.189855e-01
1.925000e+01, 9.185770e-01
1.930000e+01, 9.190020e-01
1.935000e+01, 9.181323e-01
1.940000e+01, 9.166070e-01
1.945000e+01, 9.148843e-01
1.950000e+01, 9.129904e-01
1.955000e+01, 9.120605e-01
1.960000e+01, 9.103829e-01
1.965000e+01, 9.094378e-01
1.970000e+01, 9.087495e-01
1.975000e+01, 9.072030e-01
1.980000e+01, 9.053832e-01
1.985000e+01, 9.035304e-01
1.990000e+01, 9.017585e-01
1.995000e+01, 8.997066e-01
2.000000e+01, 8.974123e-01
2.005000e+01, 8.961208e-01
2.010000e+01, 8.949950e-01
2.015000e+01, 8.930979e-01
2.020000e+01, 8.912865e-01
2.025000e+01, 8.888297e-01
2.030000e+01, 8.856478e-01
2.035000e+01, 8.834840e-01
2.040000e+01, 8.813230e-01
2.045000e+01, 8.791070e-01
2.050000e+01, 8.765613e-01
2.055000e+01, 8.747661e-01
2.060000e+01, 8.726060e-01
2.065000e+01, 8.702500e-01
2.070000e+01, 8.680536e-01
2.075000e+01, 8.653625e-01
2.080000e+01, 8.629847e-01
2.085000e+01, 8.612819e-01
2.090000e+01, 8.591581e-01
2.095000e+01, 8.568005e-01
2.100000e+01, 8.541998e-01
2.105000e+01, 8.513267e-01
2.110000e+01, 8.490812e-01
2.115000e+01, 8.474429e-01
2.120000e+01, 8.450541e-01
2.125000e+01, 8.432207e-01
2.130000e+01, 8.411610e-01
2.135000e+01, 8.386986e-01
2.140000e+01, 8.363739e-01
2.145000e+01, 8.340009e-01
2.150000e+01, 8.319535e-01
2.155000e+01, 8.308744e-01
2.160000e+01, 8.293462e-01
2.165000e+01, 8.278375e-01
2.170000e+01, 8.262240e-01
2.175000e+01, 8.246708e-01
2.180000e+01, 8.224582e-01
2.185000e+01, 8.200797e-01
2.190000e+01, 8.181247e-01
2.195000e+01, 8.166123e-01
2.200000e+01, 8.148079e-01
2.205000e+01, 8.132680e-01
2.210000e+01, 8.121257e-01
2.215000e+01, 8.104020e-01
2.220000e+01, 8.089497e-01
2.225000e+01, 8.075122e-01
2.230000e+01, 8.062412e-01
2.235000e+01, 8.049352e-01
2.240000e+01, 8.028129e-01
2.245000e+01, 8.005071e-01
2.250000e+01, 7.983304e-01
2.255000e+01, 7.963348e-01
2.260000e+01, 7.955375e-01
2.265000e+01, 7.945776e-01
2.270000e+01, 7.938420e-01
2.275000e+01, 7.935628e-01
2.280000e+01, 7.923304e-01
2.285000e+01, 7.903136e-01
2.290000e+01, 7.882586e-01
2.295000e+01, 7.872281e-01
2.300000e+01, 7.859324e-01
2.305000e+01, 7.850408e-01
2.310000e+01, 7.846625e-01
2.315000e+01, 7.840039e-01
2.320000e+01, 7.833233e-01
2.325000e+01, 7.829410e-01
2.330000e+01, 7.822403e-01
2.335000e+01, 7.816508e-01
2.340000e+01, 7.810601e-01
2.345000e+01, 7.809385e-01
2.350000e+01, 7.812331e-01
2.355000e+01, 7.809013e-01
2.360000e+01, 7.803296e-01
2.365000e+01, 7.804126e-01
2.370000e+01, 7.803816e-01
2.375000e+01, 7.799990e-01
2.380000e+01, 7.788978e-01
2.385000e+01, 7.778951e-01
2.390000e+01, 7.773491e-01
2.395000e+01, 7.771692e-01
2.400000e+01, 7.766755e-01
2.405000e+01, 7.764863e-01
2.410000e+01, 7.767234e-01
2.415000e+01, 7.772830e-01
2.420000e+01, 7.774785e-01
2.425000e+01, 7.774125e-01
2.430000e+01, 7.769027e-01
2.435000e+01, 7.769080e-01
2.440000e+01, 7.772593e-01
2.445000e+01, 7.775206e-01
2.450000e+01, 7.772067e-01
2.455000e+01, 7.771621e-01
2.460000e+01, 7.776384e-01
2.465000e+01, 7.780667e-01
2.470000e+01, 7.786493e-01
2.475000e+01, 7.789995e-01
2.480000e+01, 7.792997e-01
2.485000e+01, 7.792439e-01
2.490000e+01, 7.794219e-01
2.495000e+01, 7.795774e-01
2.500000e+01, 7.799889e-01
2.505000e+01, 7.809198e-01
2.510000e+01, 7.816855e-01
2.515000e+01, 7.821422e-01
2.520000e+01, 7.828102e-01
2.525000e+01, 7.833617e-01
2.530000e+01, 7.840372e-01
2.535000e+01, 7.842791e-01
2.540000e+01, 7.843834e-01
2.545000e+01, 7.842503e-01
2.550000e+01, 7.840616e-01
2.555000e+01, 7.843290e-01
2.560000e+01, 7.851258e-01
2.565000e+01, 7.864382e-01
2.570000e+01, 7.879301e-01
2.575000e+01, 7.887685e-01
2.580000e+01, 7.893695e-01
2.585000e+01, 7.900467e-01
2.590000e+01, 7.906128e-01
2.595000e+01, 7.914479e-01
2.600000e+01, 7.923401e-01
2.605000e+01, 7.932052e-01
2.610000e+01, 7.939480e-01
2.615000e+01, 7.949161e-01
2.620000e+01, 7.957267e-01
2.625000e+01, 7.962859e-01
2.630000e+01, 7.965261e-01
2.635000e+01, 7.972008e-01
2.640000e+01, 7.981115e-01
2.645000e+01, 7.993408e-01
2.650000e+01, 8.001398e-01
2.655000e+01, 8.006573e-01
2.660000e+01, 8.010328e-01
2.665000e+01, 8.015930e-01
2.670000e+01, 8.024544e-01
2.675000e+01, 8.034171e-01
2.680000e+01, 8.045129e-01
2.685000e+01, 8.055393e-01
2.690000e+01, 8.059821e-01
2.695000e+01, 8.062262e-01
2.700000e+01, 8.069599e-01
2.705000e+01, 8.079035e-01
2.710000e+01, 8.092734e-01
2.715000e+01, 8.105052e-01
2.720000e+01, 8.112604e-01
2.725000e+01, 8.117498e-01
2.730000e+01, 8.126710e-01
2.735000e+01, 8.136106e-01
2.740000e+01, 8.148815e-01
2.745000e+01, 8.163880e-01
2.750000e+01, 8.171998e-01
2.755000e+01, 8.180866e-01
2.760000e+01, 8.189739e-01
2.765000e+01, 8.193488e-01
2.770000e+01, 8.199663e-01
2.775000e+01, 8.207816e-01
2.780000e+01, 8.216770e-01
2.785000e+01, 8.227717e-01
2.790000e+01, 8.238444e-01
2.795000e+01, 8.249721e-01
2.800000e+01, 8.259435e-01
2.805000e+01, 8.268166e-01
2.810000e+01, 8.276423e-01
2.815000e+01, 8.287357e-01
2.820000e+01, 8.298512e-01
2.825000e+01, 8.308399e-01
2.830000e+01, 8.316251e-01
2.835000e+01, 8.322446e-01
2.840000e+01, 8.329837e-01
2.845000e+01, 8.339452e-01
2.850000e+01, 8.348344e-01
2.855000e+01, 8.351818e-01
2.860000e+01, 8.356057e-01
2.865000e+01, 8.361732e-01
2.870000e+01, 8.366147e-01
2.875000e+01, 8.371434e-01
2.880000e+01, 8.375384e-01
2.885000e+01, 8.381036e-01
2.890000e+01, 8.390356e-01
2.895000e+01, 8.401267e-01
2.900000e+01, 8.407227e-01
2.905000e+01, 8.415325e-01
2.910000e+01, 8.424973e-01
2.915000e+01, 8.433412e-01
2.920000e+01, 8.442018e-01
2.925000e+01, 8.450170e-01
2.930000e+01, 8.455868e-01
2.935000e+01, 8.462430e-01
2.940000e+01, 8.467216e-01
2.945000e+01, 8.474312e-01
2.950000e+01, 8.481589e-01
2.955000e+01, 8.484868e-01
2.960000e+01, 8.485441e-01
2.965000e+01, 8.484810e-01
2.970000e+01, 8.488209e-01
2.975000e+01, 8.493774e-01
2.980000e+01, 8.497524e-01
2.985000e+01, 8.501254e-01
2.990000e+01, 8.500491e-01
2.995000e+01, 8.503646e-01
3.000000e+01, 8.507692e-01
3.005000e+01, 8.505132e-01
3.010000e+01, 8.505195e-01
3.015000e+01, 8.504493e-01
3.020000e+01, 8.505123e-01
3.025000e+01, 8.503243e-01
3.030000e+01, 8.497521e-01
3.035000e+01, 8.494706e-01
3.040000e+01, 8.490945e-01
3.045000e+01, 8.488014e-01
3.050000e+01, 8.482665e-01
3.055000e+01, 8.475958e-01
3.060000e+01, 8.470339e-01
3.065000e+01, 8.464050e-01
3.070000e+01, 8.458271e-01
3.075000e+01, 8.456566e-01
3.080000e+01, 8.456020e-01
3.085000e+01, 8.453237e-01
3.090000e+01, 8.448983e-01
3.095000e+01, 8.448378e-01
3.100000e+01, 8.447410e-01
3.105000e+01, 8.446643e-01
3.110000e+01, 8.449546e-01
3.115000e+01, 8.450841e-01
3.120000e+01, 8.450944e-01
3.125000e+01, 8.453202e-01
3.130000e+01, 8.457444e-01
3.135000e+01, 8.457166e-01
3.140000e+01, 8.459392e-01
3.145000e+01, 8.465039e-01
3.150000e+01, 8.472524e-01
3.155000e+01, 8.479232e-01
3.160000e+01, 8.487584e-01
3.165000e+01, 8.491520e-01
3.170000e+01, 8.492530e-01
3.175000e+01, 8.496493e-01
3.180000e+01, 8.500297e-01
3.185000e+01, 8.508233e-01
3.190000e+01, 8.514306e-01
3.195000e+01, 8.517934e-01
3.200000e+01, 8.522278e-01
3.205000e+01, 8.529636e-01
3.210000e+01, 8.535000e-01
3.215000e+01, 8.540355e-01
3.220000e+01, 8.546684e-01
3.225000e+01, 8.551580e-01
3.230000e+01, 8.555805e-01
3.235000e+01, 8.560175e-01
3.240000e+01, 8.566509e-01
3.245000e+01, 8.570504e-01
3.250000e+01, 8.572552e-01
3.255000e+01, 8.576197e-01
3.260000e+01, 8.578550e-01
3.265000e+01, 8.582573e-01
3.270000e+01, 8.585494e-01
3.275000e+01, 8.589553e-01
3.280000e+01, 8.595483e-01
3.285000e+01, 8.599241e-01
3.290000e+01, 8.606307e-01
3.295000e+01, 8.612332e-01
3.300000e+01, 8.619630e-01
3.305000e+01, 8.624467e-01
3.310000e+01, 8.627124e-01
3.315000e+01, 8.633497e-01
3.320000e+01, 8.641183e-01
3.325000e+01, 8.646821e-01
3.330000e+01, 8.653082e-01
3.335000e+01, 8.656507e-01
3.340000e+01, 8.657263e-01
3.345000e+01, 8.660939e-01
3.350000e+01, 8.666139e-01
3.355000e+01, 8.673306e-01
3.360000e+01, 8.676590e-01
3.365000e+01, 8.678789e-01
3.370000e+01, 8.679934e-01
3.375000e+01, 8.683538e-01
3.380000e+01, 8.687717e-01
3.385000e+01, 8.692793e-01
3.390000e+01, 8.697090e-01
3.395000e+01, 8.700442e-01
3.400000e+01, 8.702278e-01
3.405000e+01, 8.705291e-01
3.410000e+01, 8.711429e-01
3.415000e+01, 8.715898e-01
3.420000e+01, 8.718163e-01
3.425000e+01, 8.719079e-01
3.430000e+01, 8.723413e-01
3.435000e+01, 8.728122e-01
3.440000e+01, 8.731254e-01
3.445000e+01, 8.731913e-01
3.450000e+01, 8.733079e-01
3.455000e+01, 8.734239e-01
3.460000e+01, 8.738725e-01
3.465000e+01, 8.743905e-01
3.470000e+01, 8.744948e-01
3.475000e+01, 8.746623e-01
3.480000e+01, 8.746534e-01
3.485000e+01, 8.746674e-01
3.490000e+01, 8.748241e-01
3.495000e+01, 8.752872e-01
3.500000e+01, 8.758059e-01
3.505000e+01, 8.760169e-01
3.510000e+01, 8.762866e-01
3.515000e+01, 8.763667e-01
3.520000e+01, 8.762673e-01
3.525000e+01, 8.762597e-01
3.530000e+01, 8.764234e-01
3.535000e+01, 8.767710e-01
3.540000e+01, 8.770518e-01
3.545000e+01, 8.775063e-01
3.550000e+01, 8.778589e-01
3.555000e+01, 8.776410e-01
3.560000e+01, 8.776860e-01
3.565000e+01, 8.778222e-01
3.570000e+01, 8.782483e-01
3.575000e+01, 8.785555e-01
3.580000e+01, 8.792229e-01
3.585000e+01, 8.796813e-01
3.590000e+01, 8.796527e-01
3.595000e+01, 8.796495e-01
3.600000e+01, 8.797684e-01
3.605000e+01, 8.800670e-01
3.610000e+01, 8.804468e-01
3.615000e+01, 8.807099e-01
3.620000e+01, 8.810672e-01
3.625000e+01, 8.809597e-01
3.630000e+01, 8.807437e-01
3.635000e+01, 8.809932e-01
3.640000e+01, 8.811910e-01
3.645000e+01, 8.814067e-01
3.650000e+01, 8.815787e-01
3.655000e+01, 8.816592e-01
3.660000e+01, 8.816392e-01
3.665000e+01, 8.819227e-01
3.670000e+01, 8.818837e-01
3.675000e+01, 8.820466e-01
3.680000e+01, 8.826271e-01
3.685000e+01, 8.825606e-01
3.690000e+01, 8.823701e-01
3.695000e+01, 8.822775e-01
3.700000e+01, 8.822945e-01
3.705000e+01, 8.828708e-01
3.710000e+01, 8.836200e-01
3.715000e+01, 8.836286e-01
3.720000e+01, 8.832701e-01
3.725000e+01, 8.832288e-01
3.730000e+01, 8.831275e-01
3.735000e+01, 8.828241e-01
3.740000e+01, 8.829753e-01
3.745000e+01, 8.834996e-01
3.750000e+01, 8.839886e-01
3.755000e+01, 8.842693e-01
3.760000e+01, 8.844193e-01
3.765000e+01, 8.847355e-01
3.770000e+01, 8.847339e-01
3.775000e+01, 8.848091e-01
3.780000e+01, 8.847427e-01
3.785000e+01, 8.846629e-01
3.790000e+01, 8.845986e-01
3.795000e+01, 8.845782e-01
3.800000e+01, 8.844117e-01
3.805000e+01, 8.846537e-01
3.810000e+01, 8.851957e-01
3.815000e+01, 8.854749e-01
3.820000e+01, 8.854174e-01
3.825000e+01, 8.851574e-01
3.830000e+01, 8.851734e-01
3.835000e+01, 8.854445e-01
3.840000e+01, 8.857315e-01
3.845000e+01, 8.856542e-01
3.850000e+01, 8.857496e-01
3.855000e+01, 8.856298e-01
3.860000e+01, 8.856344e-01
3.865000e+01, 8.854733e-01
3.870000e+01, 8.854392e-01
3.875000e+01, 8.855146e-01
3.880000e+01, 8.855352e-01
3.885000e+01, 8.853292e-01
3.890000e+01, 8.850734e-01
3.895000e+01, 8.849168e-01
3.900000e+01, 8.848280e-01
3.905000e+01, 8.849818e-01
3.910000e+01, 8.849376e-01
3.915000e+01, 8.848987e-01
3.920000e+01, 8.851980e-01
3.925000e+01, 8.856432e-01
3.930000e+01, 8.857182e-01
3.935000e+01, 8.854747e-01
3.940000e+01, 8.850806e-01
3.945000e+01, 8.849710e-01
3.950000e+01, 8.852624e-01
3.955000e+01, 8.855140e-01
3.960000e+01, 8.860798e-01
3.965000e+01, 8.861514e-01
3.970000e+01, 8.861788e-01
3.975000e+01, 8.862203e-01
3.980000e+01, 8.863587e-01
3.985000e+01, 8.865637e-01
3.990000e+01, 8.863858e-01
3.995000e+01, 8.860155e-01
4.000000e+01, 8.854639e-01
4.005000e+01, 8.851092e-01
4.010000e+01, 8.850155e-01
4.015000e+01, 8.852066e-01
4.020000e+01, 8.855792e-01
4.025000e+01, 8.858680e-01
4.030000e+01, 8.863330e-01
4.035000e+01, 8.867893e-01
4.040000e+01, 8.867070e-01
4.045000e+01, 8.866618e-01
4.050000e+01, 8.866501e-01
4.055000e+01, 8.867757e-01
4.060000e+01, 8.868237e-01
4.065000e+01, 8.870554e-01
4.070000e+01, 8.873442e-01
4.075000e+01, 8.874882e-01
4.080000e+01, 8.876195e-01
4.085000e+01, 8.874795e-01
4.090000e+01, 8.871433e-01
4.095000e+01, 8.869570e-01
4.100000e+01, 8.871005e-01
4.105000e+01, 8.874294e-01
4.110000e+01, 8.876402e-01
4.115000e+01, 8.876560e-01
4.120000e+01, 8.875977e-01
4.125000e+01, 8.878481e-01
4.130000e+01, 8.877982e-01
4.135000e+01, 8.876424e-01
4.140000e+01, 8.878949e-01
4.145000e+01, 8.880007e-01
4.150000e+01, 8.880983e-01
4.155000e+01, 8.882491e-01
4.160000e+01, 8.885635e-01
4.165000e+01, 8.887388e-01
4.170000e+01, 8.888665e-01
4.175000e+01, 8.889635e-01
4.180000e+01, 8.888589e-01
4.185000e+01, 8.887442e-01
4.190000e+01, 8.886306e-01
4.195000e+01, 8.887595e-01
4.200000e+01, 8.888808e-01
4.205000e+01, 8.892701e-01
4.210000e+01, 8.896532e-01
4.215000e+01, 8.899382e-01
4.220000e+01, 8.899235e-01
4.225000e+01, 8.897639e-01
4.230000e+01, 8.895555e-01
4.235000e+01, 8.898382e-01
4.240000e+01, 8.902988e-01
4.245000e+01, 8.906867e-01
4.250000e+01, 8.909416e-01
4.255000e+01, 8.907797e-01
4.260000e+01, 8.908805e-01
4.265000e+01, 8.907971e-01
4.270000e+01, 8.912200e-01
4.275000e+01, 8.916233e-01
4.280000e+01, 8.917947e-01
4.285000e+01, 8.916461e-01
4.290000e+01, 8.918124e-01
4.295000e+01, 8.915508e-01
4.300000e+01, 8.914731e-01
4.305000e+01, 8.914251e-01
4.310000e+01, 8.911939e-01
4.315000e+01, 8.911942e-01
4.320000e+01, 8.914235e-01
4.325000e+01, 8.916860e-01
4.330000e+01, 8.919017e-01
4.335000e+01, 8.919761e-01
4.340000e+01, 8.921143e-01
4.345000e+01, 8.922114e-01
4.350000e+01, 8.921835e-01
4.355000e+01, 8.923714e-01
4.360000e+01, 8.925622e-01
4.365000e+01, 8.925261e-01
4.370000e+01, 8.926237e-01
4.375000e+01, 8.927338e-01
4.380000e+01, 8.926748e-01
4.385000e+01, 8.925832e-01
4.390000e+01, 8.925415e-01
4.395000e+01, 8.927942e-01
4.400000e+01, 8.931441e-01
4.405000e+01, 8.934366e-01
4.410000e+01, 8.933357e-01
4.415000e+01, 8.932810e-01
4.420000e+01, 8.935454e-01
4.425000e+01, 8.935138e-01
4.430000e+01, 8.935472e-01
4.435000e+01, 8.937324e-01
4.440000e+01, 8.936601e-01
4.445000e+01, 8.938751e-01
4.450000e+01, 8.940944e-01
4.455000e+01, 8.943693e-01
4.460000e+01, 8.946884e-01
4.465000e+01, 8.947668e-01
4.470000e+01, 8.945154e-01
4.475000e+01, 8.943084e-01
4.480000e+01, 8.942971e-01
4.485000e+01, 8.941281e-01
4.490000e+01, 8.940136e-01
4.495000e+01, 8.939448e-01
4.500000e+01, 8.940799e-01
4.505000e+01, 8.942640e-01
4.510000e+01, 8.946152e-01
4.515000e+01, 8.948753e-01
4.520000e+01, 8.952143e-01
4.525000e+01, 8.955100e-01
4.530000e+01, 8.956257e-01
4.535000e+01, 8.955718e-01
4.540000e+01, 8.955304e-01
4.545000e+01, 8.957313e-01
4.550000e+01, 8.959017e-01
4.555000e+01, 8.960055e-01
4.560000e+01, 8.957899e-01
4.565000e+01, 8.959127e-01
4.570000e+01, 8.961013e-01
4.575000e+01, 8.959618e-01
4.580000e+01, 8.958835e-01
4.585000e+01, 8.959889e-01
4.590000e+01, 8.960149e-01
4.595000e+01, 8.961039e-01
4.600000e+01, 8.961251e-01
4.605000e+01, 8.965120e-01
4.610000e+01, 8.964963e-01
4.615000e+01, 8.965293e-01
4.620000e+01, 8.964776e-01
4.625000e+01, 8.965625e-01
4.630000e+01, 8.967212e-01
4.635000e+01, 8.969089e-01
4.640000e+01, 8.970901e-01
4.645000e+01, 8.972046e-01
4.650000e+01, 8.972135e-01
4.655000e+01, 8.973357e-01
4.660000e+01, 8.972515e-01
4.665000e+01, 8.970070e-01
4.670000e+01, 8.971455e-01
4.675000e+01, 8.971546e-01
4.680000e+01, 8.971999e-01
4.685000e+01, 8.972530e-01
4.690000e+01, 8.970716e-01
4.695000e+01, 8.970518e-01
4.700000e+01, 8.972803e-01
4.705000e+01, 8.972853e-01
4.710000e+01, 8.974031e-01
4.715000e+01, 8.975160e-01
4.720000e+01, 8.977351e-01
4.725000e+01, 8.978660e-01
4.730000e+01, 8.979620e-01
4.735000e+01, 8.979959e-01
4.740000e+01, 8.980435e-01
4.745000e+01, 8.980801e-01
4.750000e+01, 8.978813e-01
4.755000e+01, 8.977386e-01
4.760000e+01, 8.978693e-01
4.765000e+01, 8.977815e-01
4.770000e+01, 8.978773e-01
4.775000e+01, 8.980474e-01
4.780000e+01, 8.979915e-01
4.785000e+01, 8.980328e-01
4.790000e+01, 8.981875e-01
4.795000e+01, 8.982002e-01
4.800000e+01, 8.983800e-01
4.805000e+01, 8.985514e-01
4.810000e+01, 8.988368e-01
4.815000e+01, 8.989004e-01
4.820000e+01, 8.989491e-01
4.825000e+01, 8.991126e-01
4.830000e+01, 8.994991e-01
4.835000e+01, 8.998863e-01
4.840000e+01, 8.999324e-01
4.845000e+01, 9.000509e-01
4.850000e+01, 9.005205e-01
4.855000e+01, 9.005797e-01
4.860000e+01, 9.004841e-01
4.865000e+01, 9.005119e-01
4.870000e+01, 9.007009e-01
4.875000e+01, 9.010402e-01
4.880000e+01, 9.010711e-01
4.885000e+01, 9.012446e-01
4.890000e+01, 9.015538e-01
4.895000e+01, 9.015520e-01
4.900000e+01, 9.015647e-01
4.905000e+01, 9.016120e-01
4.910000e+01, 9.017354e-01
4.915000e+01, 9.019088e-01
4.920000e+01, 9.021820e-01
4.925000e+01, 9.025501e-01
4.930000e+01, 9.024615e-01
4.935000e+01, 9.021458e-01
4.940000e+01, 9.020608e-01
4.945000e+01, 9.023246e-01
4.950000e+01, 9.028093e-01
4.955000e+01, 9.029068e-01
4.960000e+01, 9.030427e-01
4.965000e+01, 9.032874e-01
4.970000e+01, 9.033806e-01
4.975000e+01, 9.033844e-01
4.980000e+01, 9.035103e-01
4.985000e+01, 9.033961e-01
4.990000e+01, 9.032815e-01
4.995000e+01, 9.035051e-01
5.000000e+01, 9.037810e-01
5.005000e+01, 9.040714e-01
5.010000e+01, 9.041226e-01
5.015000e+01, 9.039794e-01
5.020000e+01, 9.038979e-01
5.025000e+01, 9.041293e-01
5.030000e+01, 9.043324e-01
5.035000e+01, 9.042402e-01
5.040000e+01, 9.043310e-01
5.045000e+01, 9.043890e-01
5.050000e+01, 9.045303e-01
5.055000e+01, 9.046479e-01
5.060000e+01, 9.045813e-01
5.065000e+01, 9.044150e-01
5.070000e+01, 9.044849e-01
5.075000e+01, 9.044710e-01
5.080000e+01, 9.044228e-01
5.085000e+01, 9.043764e-01
5.090000e+01, 9.045869e-01
5.095000e+01, 9.046881e-01
5.100000e+01, 9.046900e-01
5.105000e+01, 9.049770e-01
5.110000e+01, 9.051102e-01
5.115000e+01, 9.051505e-01
5.120000e+01, 9.056346e-01
5.125000e+01, 9.054798e-01
5.130000e+01, 9.053084e-01
5.135000e+01, 9.053189e-01
5.140000e+01, 9.053289e-01
5.145000e+01, 9.057943e-01
5.150000e+01, 9.058729e-01
5.155000e+01, 9.056838e-01
5.160000e+01, 9.057158e-01
5.165000e+01, 9.061720e-01
5.170000e+01, 9.064565e-01
5.175000e+01, 9.064347e-01
5.180000e+01, 9.064932e-01
5.185000e+01, 9.065438e-01
5.190000e+01, 9.063381e-01
5.195000e+01, 9.061357e-01
5.200000e+01, 9.062474e-01
5.205000e+01, 9.062936e-01
5.210000e+01, 9.066501e-01
5.215000e+01, 9.069085e-01
5.220000e+01, 9.070803e-01
5.225000e+01, 9.069882e-01
5.230000e+01, 9.070753e-01
5.235000e+01, 9.071877e-01
5.240000e+01, 9.072750e-01
5.245000e+01, 9.072006e-01
5.250000e+01, 9.068822e-01
5.255000e+01, 9.068385e-01
5.260000e+01, 9.071981e-01
5.265000e+01, 9.073964e-01
5.270000e+01, 9.073706e-01
5.275000e+01, 9.074810e-01
5.280000e+01, 9.076951e-01
5.285000e+01, 9.078965e-01
5.290000e+01, 9.080732e-01
5.295000e+01, 9.080070e-01
5.300000e+01, 9.078327e-01
5.305000e+01, 9.078052e-01
5.310000e+01, 9.077654e-01
5.315000e+01, 9.076478e-01
5.320000e+01, 9.079387e-01
5.325000e+01, 9.081506e-01
5.330000e+01, 9.082653e-01
5.335000e+01, 9.084057e-01
5.340000e+01, 9.087120e-01
5.345000e+01, 9.089319e-01
5.350000e+01, 9.090912e-01
5.355000e+01, 9.090022e-01
5.360000e+01, 9.089853e-01
5.365000e+01, 9.088151e-01
5.370000e+01, 9.088565e-01
5.375000e+01, 9.090727e-01
5.380000e+01, 9.089776e-01
5.385000e+01, 9.089991e-01
5.390000e+01, 9.092071e-01
5.395000e+01, 9.094232e-01
5.400000e+01, 9.094351e-01
5.405000e+01, 9.095090e-01
5.410000e+01, 9.096808e-01
5.415000e+01, 9.099518e-01
5.420000e+01, 9.102167e-01
5.425000e+01, 9.102795e-01
5.430000e+01, 9.103310e-01
5.435000e+01, 9.105223e-01
5.440000e+01, 9.104108e-01
5.445000e+01, 9.104310e-01
5.450000e+01, 9.101764e-01
5.455000e+01, 9.099755e-01
5.460000e+01, 9.101832e-01
5.465000e+01, 9.103435e-01
5.470000e+01, 9.101892e-01
5.475000e+01, 9.103110e-01
5.480000e+01, 9.105020e-01
5.485000e+01, 9.107099e-01
5.490000e+01, 9.108487e-01
5.495000e+01, 9.109066e-01
5.500000e+01, 9.109830e-01
5.505000e+01, 9.112428e-01
5.510000e+01, 9.114959e-01
5.515000e+01, 9.116122e-01
5.520000e+01, 9.116485e-01
5.525000e+01, 9.115430e-01
5.530000e+01, 9.115815e-01
5.535000e+01, 9.118028e-01
5.540000e+01, 9.120398e-01
5.545000e+01, 9.119242e-01
5.550000e+01, 9.118094e-01
5.555000e+01, 9.118434e-01
5.560000e+01, 9.119397e-01
5.565000e+01, 9.121162e-01
5.570000e+01, 9.121508e-01
5.575000e+01, 9.122530e-01
5.580000e+01, 9.124819e-01
5.585000e+01, 9.124920e-01
5.590000e+01, 9.124426e-01
5.595000e+01, 9.124515e-01
5.600000e+01, 9.127199e-01
5.605000e+01, 9.128474e-01
5.610000e+01, 9.129949e-01
5.615000e+01, 9.128724e-01
5.620000e+01, 9.131237e-01
5.625000e+01, 9.134173e-01
5.630000e+01, 9.134999e-01
5.635000e+01, 9.136496e-01
5.640000e+01, 9.136912e-01
5.645000e+01, 9.139730e-01
5.650000e+01, 9.143025e-01
5.655000e+01, 9.144089e-01
5.660000e+01, 9.141420e-01
5.665000e+01, 9.140158e-01
5.670000e+01, 9.138296e-01
5.675000e+01, 9.138803e-01
5.680000e+01, 9.142186e-01
5.685000e+01, 9.144906e-01
5.690000e+01, 9.146742e-01
5.695000e+01, 9.149086e-01
5.700000e+01, 9.147241e-01
5.705000e+01, 9.145247e-01
5.710000e+01, 9.143697e-01
5.715000e+01, 9.145534e-01
5.720000e+01, 9.147561e-01
5.725000e+01, 9.149608e-01
5.730000e+01, 9.151436e-01
5.735000e+01, 9.151385e-01
5.740000e+01, 9.148986e-01
5.745000e+01, 9.149607e-01
5.750000e+01, 9.151028e-01
5.755000e+01, 9.152600e-01
5.760000e+01, 9.154646e-01
5.765000e+01, 9.154345e-01
5.770000e+01, 9.152850e-01
5.775000e+01, 9.154760e-01
5.780000e+01, 9.155551e-01
5.785000e+01, 9.157863e-01
5.790000e+01, 9.162335e-01
5.795000e+01, 9.164547e-01
5.800000e+01, 9.164009e-01
5.805000e+01, 9.161953e-01
5.810000e+01, 9.160575e-01
5.815000e+01, 9.162154e-01
5.820000e+01, 9.164523e-01
5.825000e+01, 9.167742e-01
5.830000e+01, 9.167056e-01
5.835000e+01, 9.165861e-01
5.840000e+01, 9.166797e-01
5.845000e+01, 9.165199e-01
5.850000e+01, 9.165053e-01
5.855000e+01, 9.166284e-01
5.860000e+01, 9.165574e-01
5.865000e+01, 9.167343e-01
5.870000e+01, 9.172045e-01
5.875000e+01, 9.176921e-01
5.880000e+01, 9.178697e-01
5.885000e+01, 9.179326e-01
5.890000e+01, 9.178823e-01
5.895000e+01, 9.178095e-01
5.900000e+01, 9.179347e-01
5.905000e+01, 9.182844e-01
5.910000e+01, 9.184501e-01
5.915000e+01, 9.182494e-01
5.920000e+01, 9.180895e-01
5.925000e+01, 9.181298e-01
5.930000e+01, 9.182102e-01
5.935000e+01, 9.182289e-01
5.940000e+01, 9.183223e-01
5.945000e+01, 9.183962e-01
5.950000e+01, 9.184432e-01
5.955000e+01, 9.184275e-01
5.960000e+01, 9.186298e-01
5.965000e+01, 9.188272e-01
5.970000e+01, 9.193580e-01
5.975000e+01, 9.195256e-01
5.980000e+01, 9.197081e-01
5.985000e+01, 9.197484e-01
5.990000e+01, 9.196407e-01
5.995000e+01, 9.194764e-01
6.000000e+01, 9.196119e-01
6.005000e+01, 9.198722e-01
6.010000e+01, 9.198971e-01
6.015000e+01, 9.199039e-01
6.020000e+01, 9.197393e-01
6.025000e+01, 9.196926e-01
6.030000e+01, 9.201038e-01
6.035000e+01, 9.205061e-01
6.040000e+01, 9.208563e-01
6.045000e+01, 9.208236e-01
6.050000e+01, 9.208235e-01
6.055000e+01, 9.207533e-01
6.060000e+01, 9.207065e-01
6.065000e+01, 9.207532e-01
6.070000e+01, 9.207733e-01
6.075000e+01, 9.207900e-01
6.080000e+01, 9.208242e-01
6.085000e+01, 9.209701e-01
6.090000e+01, 9.211439e-01
6.095000e+01, 9.214408e-01
6.100000e+01, 9.215763e-01
6.105000e+01, 9.215627e-01
6.110000e+01, 9.214086e-01
6.115000e+01, 9.213133e-01
6.120000e+01, 9.215158e-01
6.125000e+01, 9.216666e-01
6.130000e+01, 9.217649e-01
6.135000e+01, 9.219254e-01
6.140000e+01, 9.221474e-01
6.145000e+01, 9.223670e-01
6.150000e+01, 9.225624e-01
6.155000e+01, 9.224994e-01
6.160000e+01, 9.226128e-01
6.165000e+01, 9.228209e-01
6.170000e+01, 9.228855e-01
6.175000e+01, 9.228006e-01
6.180000e+01, 9.227474e-01
6.185000e+01, 9.227289e-01
6.190000e+01, 9.227864e-01
6.195000e+01, 9.228292e-01
6.200000e+01, 9.228927e-01
6.205000e+01, 9.231350e-01
6.210000e+01, 9.231704e-01
6.215000e+01, 9.234681e-01
6.220000e+01, 9.236730e-01
6.225000e+01, 9.237206e-01
6.230000e+01, 9.237603e-01
6.235000e+01, 9.238945e-01
6.240000e+01, 9.241790e-01
6.245000e+01, 9.239818e-01
6.250000e+01, 9.238883e-01
6.255000e+01, 9.239704e-01
6.260000e+01, 9.241828e-01
6.265000e+01, 9.245572e-01
6.270000e+01, 9.246026e-01
6.275000e+01, 9.243860e-01
6.280000e+01, 9.241301e-01
6.285000e+01, 9.242248e-01
6.290000e+01, 9.245502e-01
6.295000e+01, 9.247512e-01
6.300000e+01, 9.248756e-01
6.305000e+01, 9.249831e-01
6.310000e+01, 9.250935e-01
6.315000e+01, 9.251912e-01
6.320000e+01, 9.253631e-01
6.325000e+01, 9.256599e-01
6.330000e+01, 9.257177e-01
6.335000e+01, 9.258765e-01
6.340000e+01, 9.258128e-01
6.345000e+01, 9.256670e-01
6.350000e+01, 9.256790e-01
6.355000e+01, 9.257413e-01
6.360000e+01, 9.258389e-01
6.365000e+01, 9.259990e-01
6.370000e+01, 9.261253e-01
6.375000e+01, 9.259269e-01
6.380000e+01, 9.258856e-01
6.385000e+01, 9.260685e-01
6.390000e+01, 9.262513e-01
6.395000e+01, 9.262639e-01
6.400001e+01, 9.265555e-01
6.405000e+01, 9.267700e-01
6.410001e+01, 9.269489e-01
6.415000e+01, 9.271678e-01
6.420000e+01, 9.272190e-01
6.425001e+01, 9.272355e-01
6.430000e+01, 9.272166e-01
6.435001e+01, 9.272659e-01
6.440000e+01, 9.272728e-01
6.445000e+01, 9.273048e-01
6.450001e+01, 9.272931e-01
6.455000e+01, 9.274316e-01
6.460001e+01, 9.276310e-01
6.465000e+01, 9.276311e-01
6.470000e+01, 9.278767e-01
6.475001e+01, 9.279584e-01
6.480000e+01, 9.278536e-01
6.485001e+01, 9.277174e-01
6.490000e+01, 9.276457e-01
6.495000e+01, 9.277495e-01
6.500001e+01, 9.278718e-01
6.505000e+01, 9.277843e-01
6.510001e+01, 9.277528e-01
6.515000e+01, 9.279251e-01
6.520000e+01, 9.279895e-01
6.525001e+01, 9.281558e-01
6.530000e+01, 9.285419e-01
6.535001e+01, 9.288288e-01
6.540000e+01, 9.289897e-01
6.545000e+01, 9.290478e-01
6.550001e+01, 9.290184e-01
6.555000e+01, 9.290668e-01
6.560001e+01, 9.293236e-01
6.565000e+01, 9.295352e-01
6.570000e+01, 9.295946e-01
6.575001e+01, 9.297967e-01
6.580000e+01, 9.298238e-01
6.585001e+01, 9.297727e-01
6.590000e+01, 9.298156e-01
6.595000e+01, 9.300373e-01
6.600001e+01, 9.303237e-01
6.605000e+01, 9.305540e-01
6.610001e+01, 9.308515e-01
6.615000e+01, 9.308849e-01
6.620000e+01, 9.309021e-01
6.625001e+01, 9.307658e-01
6.630000e+01, 9.306829e-01
6.635001e+01, 9.306577e-01
6.640000e+01, 9.308946e-01
6.645000e+01, 9.310808e-01
6.650001e+01, 9.312718e-01
6.655000e+01, 9.313552e-01
6.660001e+01, 9.315896e-01
6.665000e+01, 9.316539e-01
6.670000e+01, 9.315853e-01
6.675001e+01, 9.314159e-01
6.680000e+01, 9.314097e-01
6.685001e+01, 9.314142e-01
6.690000e+01, 9.316127e-01
6.695000e+01, 9.320186e-01
6.700001e+01, 9.321908e-01
6.705000e+01, 9.322891e-01
6.710001e+01, 9.322293e-01
6.715000e+01, 9.321829e-01
6.720000e+01, 9.321819e-01
6.725001e+01, 9.323779e-01
6.730000e+01, 9.327738e-01
6.735001e+01, 9.327717e-01
6.740000e+01, 9.327386e-01
6.745000e+01, 9.327426e-01
6.750001e+01, 9.325858e-01
6.755000e+01, 9.325584e-01
6.760001e+01, 9.328718e-01
6.765000e+01, 9.330994e-01
6.770000e+01, 9.331220e-01
6.775001e+01, 9.329934e-01
6.780000e+01, 9.329400e-01
6.785001e+01, 9.330627e-01
6.790000e+01, 9.332567e-01
6.795000e+01, 9.334310e-01
6.800001e+01, 9.333652e-01
6.805000e+01, 9.333636e-01
6.810001e+01, 9.336727e-01
6.815000e+01, 9.338490e-01
6.820000e+01, 9.338036e-01
6.825001e+01, 9.339095e-01
6.830000e+01, 9.341826e-01
6.835001e+01, 9.343081e-01
6.840000e+01, 9.344349e-01
6.845000e+01, 9.343782e-01
6.850001e+01, 9.343305e-01
6.855000e+01, 9.343141e-01
6.860001e+01, 9.342844e-01
6.865000e+01, 9.342068e-01
6.870000e+01, 9.342340e-01
6.875001e+01, 9.344361e-01
6.880000e+01, 9.347481e-01
6.885001e+01, 9.350673e-01
6.890000e+01, 9.350340e-01
6.895000e+01, 9.350805e-01
6.900001e+01, 9.351780e-01
6.905000e+01, 9.354025e-01
6.910001e+01, 9.355326e-01
6.915000e+01, 9.356630e-01
6.920000e+01, 9.358487e-01
6.925001e+01, 9.358377e-01
6.930000e+01, 9.358625e-01
6.935001e+01, 9.356970e-01
6.940000e+01, 9.355513e-01
6.945000e+01, 9.357405e-01
6.950001e+01, 9.359456e-01
6.955000e+01, 9.361101e-01
6.960001e+01, 9.362943e-01
6.965000e+01, 9.363914e-01
6.970000e+01, 9.366434e-01
6.975001e+01, 9.368560e-01
6.980000e+01, 9.368880e-01
6.985001e+01, 9.369724e-01
6.990000e+01, 9.369836e-01
6.995000e+01, 9.369512e-01
7.000001e+01, 9.369645e-01
7.005000e+01, 9.370051e-01
7.010001e+01, 9.371350e-01
7.015000e+01, 9.375691e-01
7.020000e+01, 9.378275e-01
7.025001e+01, 9.377291e-01
7.030000e+01, 9.377744e-01
7.035001e+01, 9.378223e-01
7.040000e+01, 9.379798e-01
7.045000e+01, 9.380016e-01
7.050001e+01, 9.379395e-01
7.055000e+01, 9.379413e-01
7.060001e+01, 9.380764e-01
7.065000e+01, 9.380275e-01
7.070000e+01, 9.380212e-01
7.075001e+01, 9.383562e-01
7.080000e+01, 9.387801e-01
7.085001e+01, 9.390588e-01
7.090000e+01, 9.393386e-01
7.095000e+01, 9.393963e-01
7.100001e+01, 9.393085e-01
7.105000e+01, 9.392888e-01
7.110001e+01, 9.393088e-01
7.115000e+01, 9.392167e-01
7.120000e+01, 9.392817e-01
7.125001e+01, 9.395431e-01
7.130000e+01, 9.397860e-01
7.135001e+01, 9.399319e-01
7.140000e+01, 9.399167e-01
7.145000e+01, 9.399317e-01
7.150001e+01, 9.402065e-01
7.155000e+01, 9.404267e-01
7.160001e+01, 9.404951e-01
7.165000e+01, 9.404407e-01
7.170000e+01, 9.403372e-01
7.175001e+01, 9.403281e-01
7.180000e+01, 9.404749e-01
7.185001e+01, 9.408538e-01
7.190000e+01, 9.412733e-01
7.195000e+01, 9.414173e-01
7.200001e+01, 9.414448e-01
7.205000e+01, 9.413234e-01
7.210001e+01, 9.412190e-01
7.215000e+01, 9.412328e-01
7.220000e+01, 9.413103e-01
7.225001e+01, 9.416671e-01
7.230000e+01, 9.418652e-01
7.235001e+01, 9.419048e-01
7.240000e+01, 9.420407e-01
7.245000e+01, 9.422266e-01
7.250001e+01, 9.425378e-01
7.255000e+01, 9.426732e-01
7.260001e+01, 9.428335e-01
7.265000e+01, 9.430342e-01
7.270000e+01, 9.432525e-01
7.275001e+01, 9.434552e-01
7.280000e+01, 9.435260e-01
7.285001e+01, 9.435884e-01
7.290000e+01, 9.436525e-01
7.295000e+01, 9.439203e-01
7.300001e+01, 9.442472e-01
7.305000e+01, 9.443070e-01
7.310001e+01, 9.445395e-01
7.315000e+01, 9.447137e-01
7.320000e+01, 9.448868e-01
7.325001e+01, 9.450507e-01
7.330000e+01, 9.453063e-01
7.335001e+01, 9.455207e-01
7.340000e+01, 9.457578e-01
7.345000e+01, 9.458524e-01
7.350001e+01, 9.456459e-01
7.355000e+01, 9.456250e-01
7.360001e+01, 9.457170e-01
7.365000e+01, 9.457817e-01
7.370000e+01, 9.455746e-01
7.375001e+01, 9.455943e-01
7.380000e+01, 9.457158e-01
7.385001e+01, 9.457682e-01
7.390000e+01, 9.455468e-01
7.395000e+01, 9.454336e-01
7.400001e+01, 9.453437e-01
7.405000e+01, 9.455467e-01
7.410001e+01, 9.454780e-01
7.415000e+01, 9.453697e-01
7.420000e+01, 9.454032e-01
7.425001e+01, 9.453731e-01
7.430000e+01, 9.453104e-01
7.435001e+01, 9.453813e-01
7.440000e+01, 9.454316e-01
7.445000e+01, 9.454654e-01
7.450001e+01, 9.453686e-01
7.455000e+01, 9.454525e-01
7.460001e+01, 9.456263e-01
7.465000e+01, 9.456624e-01
7.470000e+01, 9.456506e-01
7.475001e+01, 9.457774e-01
7.480000e+01, 9.456772e-01
7.485001e+01, 9.456021e-01
7.490000e+01, 9.456328e-01
7.495000e+01, 9.458950e-01
7.500001e+01, 9.459477e-01
7.505000e+01, 9.461002e-01
7.510001e+01, 9.462439e-01
7.515000e+01, 9.462087e-01
7.520000e+01, 9.460712e-01
7.525001e+01, 9.461579e-01
7.530000e+01, 9.464011e-01
7.535001e+01, 9.466766e-01
7.540000e+01, 9.467432e-01
7.545000e+01, 9.465892e-01
7.550001e+01, 9.465738e-01
7.555000e+01, 9.465191e-01
7.560001e+01, 9.465544e-01
7.565000e+01, 9.465186e-01
7.570000e+01, 9.466125e-01
7.575001e+01, 9.467012e-01
7.580000e+01, 9.468352e-01
7.585001e+01, 9.468690e-01
7.590000e+01, 9.468368e-01
7.595000e+01, 9.468953e-01
7.600001e+01, 9.469541e-01
7.605000e+01, 9.471376e-01
7.610001e+01, 9.473266e-01
7.615000e+01, 9.476696e-01
7.620000e+01, 9.477689e-01
7.625001e+01, 9.477806e-01
7.630000e+01, 9.478113e-01
7.635001e+01, 9.477971e-01
7.640000e+01, 9.479040e-01
7.645000e+01, 9.482304e-01
7.650001e+01, 9.484616e-01
7.655000e+01, 9.485464e-01
7.660001e+01, 9.486062e-01
7.665000e+01, 9.486564e-01
7.670000e+01, 9.486873e-01
7.675001e+01, 9.490185e-01
7.680000e+01, 9.493603e-01
7.685001e+01, 9.495843e-01
7.690000e+01, 9.495175e-01
7.695000e+01, 9.494399e-01
7.700001e+01, 9.494410e-01
7.705000e+01, 9.493496e-01
7.710001e+01, 9.495777e-01
7.715000e+01, 9.498396e-01
7.720000e+01, 9.501073e-01
7.725001e+01, 9.501172e-01
7.730000e+01, 9.501888e-01
7.735001e+01, 9.502668e-01
7.740000e+01, 9.504103e-01
7.745000e+01, 9.504284e-01
7.750001e+01, 9.503226e-01
7.755000e+01, 9.503079e-01
7.760001e+01, 9.502176e-01
7.765000e+01, 9.500877e-01
7.770000e+01, 9.499741e-01
7.775001e+01, 9.499305e-01
7.780000e+01, 9.497991e-01
7.785001e+01, 9.497631e-01
7.790000e+01, 9.499445e-01
7.795000e+01, 9.499675e-01
7.800001e+01, 9.499399e-01
7.805000e+01, 9.497455e-01
7.810001e+01, 9.494401e-01
7.815000e+01, 9.492434e-01
7.820000e+01, 9.492683e-01
7.825001e+01, 9.492361e-01
7.830000e+01, 9.493703e-01
7.835001e+01, 9.493729e-01
7.840000e+01, 9.494598e-01
7.845000e+01, 9.494570e-01
7.850001e+01, 9.495358e-01
7.855000e+01, 9.496702e-01
7.860001e+01, 9.498577e-01
7.865000e+01, 9.499653e-01
7.870000e+01, 9.503052e-01
7.875001e+01, 9.504706e-01
7.880000e+01, 9.506867e-01
7.885001e+01, 9.506840e-01
7.890000e+01, 9.506864e-01
7.895000e+01, 9.506741e-01
7.900001e+01, 9.504232e-01
7.905000e+01, 9.504822e-01
7.910001e+01, 9.506149e-01
7.915000e+01, 9.509087e-01
7.920000e+01, 9.511132e-01
7.925001e+01, 9.513629e-01
7.930000e+01, 9.513884e-01
7.935001e+01, 9.512334e-01
7.940000e+01, 9.511772e-01
7.945000e+01, 9.510868e-01
7.950001e+01, 9.511324e-01
7.955000e+01, 9.512612e-01
7.960001e+01, 9.511034e-01
7.965000e+01, 9.511430e-01
7.970000e+01, 9.513208e-01
7.975001e+01, 9.514447e-01
7.980000e+01, 9.514862e-01
7.985001e+01, 9.515669e-01
7.990000e+01, 9.517314e-01
7.995000e+01, 9.518177e-01
8.000001e+01, 9.517534e-01
8.005000e+01, 9.516584e-01
8.010001e+01, 9.515507e-01
8.015000e+01, 9.516778e-01
8.020000e+01, 9.515755e-01
8.025001e+01, 9.515354e-01
8.030000e+01, 9.515309e-01
8.035001e+01, 9.514613e-01
8.040000e+01, 9.514748e-01
8.045000e+01, 9.514643e-01
8.050001e+01, 9.514325e-01
8.055000e+01, 9.513709e-01
8.060001e+01, 9.515377e-01
8.065000e+01, 9.516281e-01
8.070000e+01, 9.515598e-01
8.075001e+01, 9.514616e-01
8.080000e+01, 9.515009e-01
8.085001e+01, 9.512928e-01
8.090000e+01, 9.509815e-01
8.095000e+01, 9.508963e-01
8.100001e+01, 9.510402e-01
8.105000e+01, 9.512030e-01
8.110001e+01, 9.513851e-01
8.115000e+01, 9.514728e-01
8.120000e+01, 9.514279e-01
8.125001e+01, 9.515482e-01
8.130000e+01, 9.517089e-01
8.135001e+01, 9.519039e-01
8.140000e+01, 9.520907e-01
8.145000e+01, 9.518575e-01
8.150001e+01, 9.516339e-01
8.155000e+01, 9.517160e-01
8.160001e+01, 9.514865e-01
8.165000e+01, 9.516488e-01
8.170000e+01, 9.518579e-01
8.175001e+01, 9.520335e-01
8.180000e+01, 9.520562e-01
8.185001e+01, 9.518298e-01
8.190000e+01, 9.519419e-01
8.195000e+01, 9.521205e-01
8.200001e+01, 9.521726e-01
8.205000e+01, 9.524986e-01
8.210001e+01, 9.525549e-01
8.215000e+01, 9.525808e-01
8.220000e+01, 9.527472e-01
8.225001e+01, 9.527028e-01
8.230000e+01, 9.526302e-01
8.235001e+01, 9.527690e-01
8.240000e+01, 9.527519e-01
8.245000e+01, 9.528643e-01
8.250001e+01, 9.528877e-01
8.255000e+01, 9.529610e-01
8.260001e+01, 9.530343e-01
8.265000e+01, 9.529549e-01
8.270000e+01, 9.529022e-01
8.275001e+01, 9.530519e-01
8.280000e+01, 9.530699e-01
8.285001e+01, 9.531621e-01
8.290000e+01, 9.530847e-01
8.295000e+01, 9.530061e-01
8.300001e+01, 9.530395e-01
8.305000e+01, 9.533583e-01
8.310001e+01, 9.534696e-01
8.315000e+01, 9.535605e-01
8.320000e+01, 9.537552e-01
8.325001e+01, 9.539565e-01
8.330000e+01, 9.540322e-01
8.335001e+01, 9.539648e-01
8.340000e+01, 9.537144e-01
8.345000e+01, 9.535726e-01
8.350001e+01, 9.537783e-01
8.355000e+01, 9.539186e-01
8.360001e+01, 9.539676e-01
8.365000e+01, 9.540061e-01
8.370000e+01, 9.540691e-01
8.375001e+01, 9.539940e-01
8.380000e+01, 9.540485e-01
8.385001e+01, 9.540676e-01
8.390000e+01, 9.542204e-01
8.395000e+01, 9.541739e-01
8.400001e+01, 9.542619e-01
8.405000e+01, 9.541209e-01
8.410001e+01, 9.541054e-01
8.415000e+01, 9.541658e-01
8.420000e+01, 9.542196e-01
8.425001e+01, 9.543547e-01
8.430000e+01, 9.544933e-01
8.435001e+01, 9.545055e-01
8.440000e+01, 9.546497e-01
8.445000e+01, 9.547828e-01
8.450001e+01, 9.547976e-01
8.455000e+01, 9.550748e-01
8.460001e+01, 9.551709e-01
8.465000e+01, 9.550627e-01
8.470000e+01, 9.550110e-01
8.475001e+01, 9.548888e-01
8.480000e+01, 9.550032e-01
8.485001e+01, 9.550881e-01
8.490000e+01, 9.552068e-01
8.495000e+01, 9.552528e-01
8.500001e+01, 9.551436e-01
8.505000e+01, 9.551796e-01
8.510001e+01, 9.552404e-01
8.515000e+01, 9.554630e-01
8.520000e+01, 9.554848e-01
8.525001e+01, 9.551756e-01
8.530000e+01, 9.550455e-01
8.535001e+01, 9.550080e-01
8.540000e+01, 9.550329e-01
8.545000e+01, 9.551393e-01
8.550001e+01, 9.553573e-01
8.555000e+01, 9.555508e-01
8.560001e+01, 9.553111e-01
8.565000e+01, 9.552264e-01
8.570000e+01, 9.553733e-01
8.575001e+01, 9.554788e-01
8.580000e+01, 9.556729e-01
8.585001e+01, 9.556714e-01
8.590000e+01, 9.557431e-01
8.595000e+01, 9.557617e-01
8.600001e+01, 9.558985e-01
8.605000e+01, 9.560089e-01
8.610001e+01, 9.560857e-01
8.615000e+01, 9.562107e-01
8.620000e+01, 9.562546e-01
8.625001e+01, 9.563137e-01
8.630000e+01, 9.564703e-01
8.635001e+01, 9.563593e-01
8.640000e+01, 9.561940e-01
8.645000e+01, 9.562582e-01
8.650001e+01, 9.563974e-01
8.655000e+01, 9.563975e-01
8.660001e+01, 9.564654e-01
8.665000e+01, 9.564724e-01
8.670000e+01, 9.565440e-01
8.675001e+01, 9.566549e-01
8.680000e+01, 9.567635e-01
8.685001e+01, 9.570211e-01
8.690000e+01, 9.572478e-01
8.695000e+01, 9.573436e-01
8.700001e+01, 9.570939e-01
8.705000e+01, 9.567281e-01
8.710001e+01, 9.565971e-01
8.715000e+01, 9.568809e-01
8.720000e+01, 9.568982e-01
8.725001e+01, 9.569569e-01
8.730000e+01, 9.570428e-01
8.735001e+01, 9.571564e-01
8.740000e+01, 9.572737e-01
8.745000e+01, 9.574535e-01
8.750001e+01, 9.575058e-01
8.755000e+01, 9.574685e-01
8.760001e+01, 9.573693e-01
8.765000e+01, 9.573815e-01
8.770000e+01, 9.574622e-01
8.775001e+01, 9.576032e-01
8.780000e+01, 9.575987e-01
8.785001e+01, 9.575616e-01
8.790000e+01, 9.576626e-01
8.795000e+01, 9.578012e-01
8.800001e+01, 9.579690e-01
8.805000e+01, 9.579332e-01
8.810001e+01, 9.577267e-01
8.815000e+01, 9.577382e-01
8.820000e+01, 9.577640e-01
8.825001e+01, 9.576876e-01
8.830000e+01, 9.577962e-01
8.835001e+01, 9.579052e-01
8.840000e+01, 9.579284e-01
8.845000e+01, 9.579754e-01
8.850001e+01, 9.580763e-01
8.855000e+01, 9.583161e-01
8.860001e+01, 9.584615e-01
8.865000e+01, 9.585129e-01
8.870000e+01, 9.586387e-01
8.875001e+01, 9.586411e-01
8.880000e+01, 9.587073e-01
8.885001e+01, 9.587448e-01
8.890000e+01, 9.586916e-01
8.895000e+01, 9.586952e-01
8.900001e+01, 9.587989e-01
8.905000e+01, 9.587819e-01
8.910001e+01, 9.587670e-01
8.915000e+01, 9.588655e-01
8.920000e+01, 9.588429e-01
8.925001e+01, 9.588821e-01
8.930000e+01, 9.588842e-01
8.935001e+01, 9.588346e-01
8.940000e+01, 9.588010e-01
8.945000e+01, 9.587973e-01
8.950001e+01, 9.589595e-01
8.955000e+01, 9.590666e-01
8.960001e+01, 9.591388e-01
8.965000e+01, 9.591872e-01
8.970000e+01, 9.592019e-01
8.975001e+01, 9.592134e-01
8.980000e+01, 9.592693e-01
8.985001e+01, 9.593606e-01
8.990000e+01, 9.593978e-01
8.995000e+01, 9.594662e-01
9.000001e+01, 9.595579e-01
9.005000e+01, 9.596100e-01
9.010001e+01, 9.596559e-01
9.015000e+01, 9.596817e-01
9.020000e+01, 9.596532e-01
9.025001e+01, 9.596905e-01
9.030000e+01, 9.597091e-01
9.035001e+01, 9.597756e-01
9.040000e+01, 9.598327e-01
9.045000e+01, 9.599063e-01
9.050001e+01, 9.599555e-01
9.055000e+01, 9.600197e-01
9.060001e+01, 9.600584e-01
9.065000e+01, 9.600580e-01
9.070000e+01, 9.600783e-01
9.075001e+01, 9.600852e-01
9.080000e+01, 9.600971e-01
9.085001e+01, 9.601296e-01
9.090000e+01, 9.601955e-01
9.095000e+01, 9.602268e-01
9.100001e+01, 9.603072e-01
9.105000e+01, 9.603496e-01
9.110001e+01, 9.603390e-01
9.115000e+01, 9.603398e-01
9.120000e+01, 9.603618e-01
9.125001e+01, 9.603888e-01
9.130000e+01, 9.604368e-01
9.135001e+01, 9.604713e-01
9.140000e+01, 9.604999e-01
9.145000e+01, 9.605368e-01
9.150001e+01, 9.605874e-01
9.155000e+01, 9.606086e-01
9.160001e+01, 9.606500e-01
9.165000e+01, 9.606813e-01
9.170000e+01, 9.607151e-01
9.175001e+01, 9.607411e-01
9.180000e+01, 9.607774e-01
9.185001e+01, 9.608064e-01
9.190000e+01, 9.608464e-01
9.195000e+01, 9.608773e-01
