wavelength_nm,Re_eps_parallel_nominal_design,Im_eps_parallel_nominal_design,Re_eps_perpendicular_nominal_design,Im_eps_perpendicular_nominal_design,real_part_product_nominal_design,Re_eps_parallel_secondary_sensitivity,Im_eps_parallel_secondary_sensitivity,Re_eps_perpendicular_secondary_sensitivity,Im_eps_perpendicular_secondary_sensitivity,real_part_product_secondary_sensitivity
245.473785,-0.5516464231306668,1.6261972688183333,7.4979789000068005,1.8920336527702326,-4.136233240897963,-1.30633153595499,1.940760544825929,9.310076954684012,3.825534616590541,-12.162047128071523
247.055832,-0.58591876901875,1.6314786062366669,7.487436640405575,1.8503447964665625,-4.3870296594523195,-1.3467420402995194,1.9470634771219983,9.316261963928726,3.7417243883358324,-12.54660164526618
248.637939,-0.62009550619275,1.63832703383,7.474559400557245,1.8098029456725404,-4.634940695056323,-1.3870386282000913,1.9552366294953853,9.31678073972797,3.65878313374445,-12.922734776473314
250.220062,-0.6539433902976668,1.646435718,7.459859102895943,1.7707252406738492,-4.878325552890685,-1.4269429377075318,1.9649138160270208,9.31248128869471,3.5776986612317923,-13.288379407436452
251.802216,-0.6873224923739167,1.6555259350333333,7.44378322706341,1.7332634279334111,-5.11627964031638,-1.4662872657228196,1.9757623981151071,9.304201255954185,3.499081344279014,-13.642631819327887
253.38443,-0.720156493338084,1.6653319203975,7.42675280274922,1.6974666568774313,-5.348424255316664,-1.5049812379247645,1.9874652030962914,9.292781838799254,3.423295187532088,-13.98546231552087
254.966675,-0.7524216847543337,1.67561179268,7.409118302952674,1.6633015664656392,-5.57478127605182,-1.5429965598390554,1.9997335612557063,9.278976797748744,3.3504893878288016,-14.317429277752726
256.54895,-0.7841292621447509,1.6861334578825002,7.39118554855504,1.6306861043593759,-5.795644870563409,-1.5803465925922655,2.0122904835199518,9.26347516317737,3.2806777098497393,-14.639501409690437
258.131287,-0.8153360721573344,1.6966915255250001,7.3731916738557395,1.5994865672012732,-6.0116291386247,-1.6170984730351756,2.0248908497258653,9.246856927853198,3.213728790323527,-14.95307821840614
259.713654,-0.8461244212816663,1.707084383316667,7.355361117610344,1.5695520704290868,-6.223550668955722,-1.6533511350634027,2.037294048733025,9.229668787687947,3.1494531562414956,-15.259883366383127
261.296051,-0.8766195723194166,1.7171295436758336,7.337863694650659,1.5406962557985795,-6.4325149337428345,-1.6892540716738131,2.0492822934960273,9.212364439851799,3.0875617179355506,-15.562024139762698
262.878479,-0.9070113541010005,1.7266601520000002,7.320819827425888,1.5126841197799632,-6.640066704803008,-1.7250331261004754,2.060656453912108,9.195319705462873,3.0276456058683916,-15.862231097007923
264.460938,-0.9376007991787505,1.7355862552458334,7.304275965637178,1.4852106250089268,-6.848494982803557,-1.7610482667443905,2.0713091768816554,9.178778293458018,2.9691156217919525,-16.16427160452528
266.043427,-0.9686493153839169,1.7440191710466666,7.2880889929874915,1.4580414996497064,-7.059602413514393,-1.797611466829671,2.0813733127512157,9.162577351368014,2.911440635869122,-16.47075411253298
267.625977,-1.00029388837275,1.7521095850275001,7.272097339614772,1.4310723859121155,-7.27423452446839,-1.8348862098167535,2.0910286950018078,9.146454560497837,2.854340125714944,-16.782703341773036
269.208557,-1.0326103221414171,1.7599894668241667,7.25615973543185,1.404258859335386,-7.492785441913862,-1.872962258804136,2.1004328208001346,9.130163522581096,2.797667744103904,-17.100451694504617
270.791168,-1.0656442582287504,1.7677851335958332,7.240170966603032,1.3775932515541838,-7.715446619155023,-1.9118947885706754,2.1097364414500785,9.113501989174468,2.7413616236099654,-17.42405695873115
272.37381,-1.0994099787114169,1.7756154094891667,7.224034705304787,1.3510947808854963,-7.942175841569672,-1.9517008438448469,2.1190813658330385,9.096278986975035,2.685422672374057,-17.753215374727326
273.956482,-1.1339079367864169,1.7835891226633331,7.20766365104967,1.3247928332093386,-8.172827019612184,-1.9923802622635656,2.1285974732702533,9.078322895738118,2.629881254153591,-18.087471351924044
275.539215,-1.1691113392027497,1.7918108399125,7.191004856612778,1.2987416781600256,-8.407085318128042,-2.0339017715911485,2.138409557421331,9.05951088907742,2.574825760567321,-18.426155247043862
277.121948,-1.204984561027084,1.8003716543050001,7.174015252207024,1.2729967538327454,-8.644577619482286,-2.076222855789506,2.148626331931483,9.039745852653004,2.520355130566519,-18.768526949806564
278.704742,-1.241476193239417,1.8093656462991667,7.156659503823445,1.2476221436764303,-8.884822397117425,-2.1192821615409434,2.159360075701353,9.018944624720186,2.466588838974624,-19.11368845909507
280.287537,-1.2784650483685838,1.8188714158550001,7.139154434321224,1.2227702560600162,-9.127159419185272,-2.1629519110170947,2.1707045926648916,8.997366981207389,2.413842281389564,-19.46087210612463
281.870422,-1.3156778062770838,1.828963978,7.122359922595109,1.1988084097759508,-9.370730878475753,-2.206969068174084,2.1827494083725534,8.97612634452699,2.362892743563136,-19.81003319439358
283.453308,-1.3532268026410839,1.8397137351850001,7.105182062511006,1.1754342260924395,-9.614922804634551,-2.2513876257884124,2.195578543564907,8.953781347877566,2.3130818100775827,-20.158432530626644
285.036194,-1.3909467931759998,1.851111033374167,7.087679631506583,1.1527408223363083,-9.858585254502932,-2.2960096740665823,2.2091804767788426,8.93043504823686,2.2646183497946923,-20.5043652643751
286.619171,-1.4287280839560836,1.8630853668375,7.069965957590023,1.1307729516188758,-10.101058916222332,-2.340705703668956,2.22347106401683,8.906299606551942,2.2176248925728177,-20.847026287640706
288.202118,-1.4665056567427508,1.8755672513875,7.052103986453363,1.1095337928193552,-10.341950388071961,-2.385396716778488,2.238367380425795,8.88152281992205,2.1721335652172744,-21.18595537463528
289.785156,-1.5042279969493342,1.8884940927550002,7.034172215095117,1.0890210888544933,-10.580998781309189,-2.430021935590846,2.253794723821531,8.856268757155657,2.1281609239423815,-21.520927347376126
291.368195,-1.5418643190854173,1.9018071379175003,7.016228947695556,1.069216914528145,-10.818073068986003,-2.4745446196279217,2.269682976297591,8.83067105305754,2.085687203939721,-21.85188954204757
292.951263,-1.579388278837667,1.9154445328433334,6.998319047780772,1.0500974822264855,-11.053063075631334,-2.5189326282540554,2.2859583190950237,8.804842524729183,2.04467799160001,-22.178805122179156
294.534363,-1.6167821155,1.9293551394133333,6.980502807288905,1.031640825802782,-11.285952096022244,-2.5631661662669067,2.302559722198639,8.778909147708458,2.005098870693963,-22.501802904137364
296.117493,-1.6540386889314165,1.9434873586141665,6.962798602047075,1.0138125762571242,-11.516738271023442,-2.6072353117645557,2.319425605546075,8.75293766563956,1.966887337281859,-22.820968163529482
297.700684,-1.6911569119485823,1.95779172381,6.945246309531617,0.9965818280867516,-11.745501301549778,-2.6511394676776883,2.3364969339286565,8.727019211260536,1.929986663249164,-23.136545066154216
299.283875,-1.7281326719264993,1.9722272582099998,6.927869708598722,0.9799197725255957,-11.972277990279368,-2.694873725856178,2.35372480421487,8.701216785447665,1.8943413493285255,-23.448680498081664
300.867096,-1.7648579630243335,1.98674706345,6.911199631794729,0.9639369288234648,-12.19728570422377,-2.738347651786742,2.371053246261034,8.67626273390885,1.8601871420617282,-23.758623683684117
302.450348,-1.801361079524751,2.0013123020166668,6.8951724744461,0.9485720849091198,-12.420695332077575,-2.781589387075184,2.3884359100240258,8.652098115844248,1.82739726595814,-24.06658429496556
304.03363,-1.8377509563800007,2.0158878766058335,6.8793550851077985,0.9336682179014224,-12.642541386934479,-2.824695361450319,2.4058309091568044,8.62817151935849,1.7956449575916196,-24.37195606852968
305.616943,-1.87404500988975,2.030435447091667,6.863767030906187,0.9191952949627465,-12.863008353315527,-2.8676870594774995,2.4231924872158395,8.604528830883591,1.7648695813434134,-24.675095981225933
307.200287,-1.9102689877060834,2.044925726905,6.848412372245133,0.9051212060240382,-13.082309769722528,-2.9105952093028415,2.440485692587928,8.581190750155614,1.7350047039318697,-24.976372687516786
308.783661,-1.9464544942380833,2.0593380396875,6.833280986855636,0.8914130877589436,-13.300670487256797,-2.9534568302783977,2.457685849385812,8.558155085565996,1.7059811386389534,-25.276141592046695
310.367065,-1.9826109394044178,2.0736611694000002,6.818387929363374,0.878055002557927,-13.518210497858863,-2.9962845496123833,2.474779571997119,8.535448556469374,1.6777629279393653,-25.57463263376051
311.9505,-2.018763567796083,2.08788041285,6.803720744552049,0.8650207013526449,-13.735103564560115,-3.0391077964493736,2.4917493131190467,8.513061740359083,1.6502936563518855,-25.87211230678016
313.533936,-2.054932084412334,2.1019821378325,6.789267180566306,0.8522878438008251,-13.951482958993369,-3.081949389507252,2.508578803602639,8.490984154865819,1.623524783740259,-26.16878343240446
315.117401,-2.09112897944975,2.1159544884266666,6.775032611684101,0.8398413188369324,-14.16746703100975,-3.124824933295715,2.5252538941784204,8.469227318491603,1.597422449170574,-26.46485269057177
316.700928,-2.1273750285415005,2.129787417288333,6.761020403196491,0.8276640999994797,-14.383225973219801,-3.1677599197373993,2.5417625939953954,8.447799101362612,1.5719489976979732,-26.760599403290104
318.284454,-2.163686974211001,2.14346805023,6.747209389557498,0.8157369628945802,-14.598849068459717,-3.2107729346499796,2.558089538549131,8.426674997660992,1.5470624458123665,-27.056140011581594
319.868011,-2.2000788471191663,2.156992745133333,6.73360152081944,0.8040482180927239,-14.8144542708843,-3.2538814204500506,2.5742303812085643,8.405858413382214,1.5227355090662318,-27.351666514238126
321.451599,-2.236428674048917,2.170345615425,6.720814801085731,0.7927288259049756,-15.0306229341205,-3.2969886024045643,2.5901661623829333,8.386166709558392,1.4992326109926002,-27.649096059278605
323.035217,-2.272881724475833,2.18352414781,6.708270485489507,0.7816279079161278,-15.247105389309723,-3.340223216010987,2.6058938826183162,8.366836676824272,1.4762423343158868,-27.947102112500648
324.618835,-2.309474388223917,2.1965203077083335,6.695908953340063,0.770718113567987,-15.46403023361809,-3.3836245069659125,2.6214039531666833,8.347790542081675,1.4537066716664488,-28.245788657205818
326.202515,-2.346225997002751,2.2093218439025004,6.683726045745575,0.7599868256711795,-15.681531805372668,-3.427215546405876,2.6366817529977293,8.329024170830872,1.4315980379540296,-28.545361124661873
327.786194,-2.3831583223847503,2.2219279970158334,6.671705143934032,0.7494215349673599,-15.899729638263537,-3.4710216208366527,2.6517263758448513,8.310514399617773,1.4098881931915068,-28.845975161347624
329.369934,-2.420294012332751,2.2343338179133334,6.659856665679314,0.7390137070840038,-16.118811210938002,-3.515071152173145,2.6665319152377074,8.29227431864266,1.3885576202092929,-29.147934243367036
330.953644,-2.4576582156440003,2.2465273614116668,6.6481673673414665,0.7287498368825546,-16.3389231493231,-3.5593934572693278,2.6810841153778417,8.274287053709052,1.367577384947054,-29.451443202540304
332.537415,-2.4952799507655827,2.25850965261,6.636628259610235,0.7186190359258997,-16.5602454368897,-3.6040231677521577,2.6953841996543564,8.256538588415692,1.3469230250834987,-29.756756358089852
334.121185,-2.5332061076219174,2.2702794871683336,6.625220667127946,0.7086045158918105,-16.783049458311467,-3.6490155478441193,2.7094307307658867,8.239002363526701,1.3265588621224362,-30.06424772323338
335.705017,-2.5714781143835834,2.28185589744,6.61393815671329,0.6986972832084488,-17.007597219874725,-3.6944207355177925,2.723246422586777,8.221664172644056,1.3064635395247521,-30.374286599879937
337.288818,-2.610122752174001,2.293272332185,6.602772827805905,0.6888949810157515,-17.23404758529246,-3.740271387848731,2.736871194033956,8.20450578828692,1.2866280169519235,-30.687078251368863
338.872681,-2.6491616021077515,2.30456282112,6.591693063597886,0.6791934289031885,-17.46246015696353,-3.786591869244356,2.7503456573583005,8.187478461788162,1.2670397518029968,-31.00263937302034
340.456543,-2.6885696394666683,2.3157576916466667,6.580842211467362,0.6696251076535699,-17.69305257187184,-3.833364829315382,2.7637060063388255,8.170764146909256,1.247759859928623,-31.321519909393047
342.040436,-2.7283024242794163,2.3268835085766666,6.570424658105131,0.660233679385047,-17.926105523253483,-3.880554602608451,2.776983944348394,8.154625647991057,1.2288717840388754,-31.644470090860622
343.624359,-2.768451926459334,2.3379722929374998,6.560068103232218,0.6509467570400839,-18.16123317809766,-3.9282417428184013,2.790217686398168,8.138569444852383,1.2102276143168547,-31.970268220095512
345.208313,-2.8090162577401663,2.349043014578333,6.549767589565235,0.6417672822752184,-18.398403643508367,-3.9764239964224197,2.8034298717678388,8.122586490200636,1.1918308243905895,-32.29884783265037
346.792267,-2.8499965871790014,2.3601278762,6.539515033119533,0.6326988334150001,-18.637595526196442,-4.025102758614012,2.8166589322838598,8.106661905795285,1.173685557526631,-32.63014720016773
348.376251,-2.891390970990667,2.3712430420208337,6.529298910244713,0.6237425514412929,-18.878755915980765,-4.074275014993491,2.8299241588882227,8.090779257224558,1.1557921860724405,-32.964059779537614
349.960236,-2.9331890952575006,2.382413691251667,6.519131727085336,0.6149058401883162,-19.121846092433902,-4.123929845936355,2.8432556013294246,8.074952546080981,1.1381630602498736,-33.300537809303115
351.54425,-2.975388248724417,2.3936595762083335,6.509001942877788,0.6061899297840566,-19.36680789176297,-4.1740633209902755,2.8566768327101717,8.059165383110265,1.1207987494193667,-33.6394666234351
353.128296,-3.017976181580667,2.4050016722958336,6.498899241813324,0.597598167689416,-19.613523118285265,-4.224660126567372,2.870212885810445,8.043403314300818,1.1037039544832157,-33.98064526382651
354.712372,-3.0609473339114164,2.4164581685941666,6.488838135208215,0.5891351000641778,-19.861991790148313,-4.275715015871496,2.883885468112779,8.02768464670797,1.0868861067127769,-34.32409178661033
356.296448,-3.1042860723980845,2.4280464112975,6.478801825732633,0.5808026655330764,-20.112054273449097,-4.327207943209737,2.8977152811703544,8.011987545409257,1.0703474282837178,-34.669536147392414
357.880554,-3.147982768591416,2.439783844569167,6.468797651640774,0.5726044738025007,-20.363663540869773,-4.379128111891332,2.9117231434561703,7.996321564641169,1.0540936137577013,-35.016916555443025
359.464661,-3.1920208310676665,2.4516861579733336,6.458826044235926,0.5645439714586488,-20.61670727744345,-4.431455721132451,2.9259277794433802,7.98068784067805,1.0381300826853068,-35.36606479014493
361.048798,-3.236316263651,2.463765652653333,6.449147563947925,0.5566694226684249,-20.8714811478899,-4.484112028699944,2.9403438697455204,7.965427005808281,1.0225500541496193,-35.71786705047629
362.632965,-3.2808870345020846,2.4760362447175006,6.439635950738324,0.5489592135538682,-21.12771809769087,-4.537108065110257,2.954988022331691,7.950374987242618,1.0073097898381396,-36.071710475269334
364.217133,-3.3257385799706674,2.488514714625,6.4301507727273375,0.5413934479424745,-21.385000499887504,-4.590438525335822,2.9698802635871875,7.935349844441879,0.9923689623692012,-36.42673563794362
365.801331,-3.3708500694814174,2.5012080980208333,6.420702938980094,0.5339750060922785,-21.64322694798059,-4.644079243051918,2.9850289900961697,7.920367772547464,0.9777323656746233,-36.78281556982503
367.385529,-3.41617156167775,2.5141234817766667,6.411306211605714,0.5267116822968289,-21.90212195329535,-4.697971309672951,3.0004426595784834,7.905449437085921,0.9634141211962861,-37.13957464549984
368.969757,-3.4616808023379173,2.527241007208333,6.401951861022392,0.5195998259974691,-22.16151385479272,-4.752086779781786,3.016097571987743,7.89058853086627,0.9494072431157837,-37.49676144222739
370.554016,-3.5073511594694162,2.540544302051667,6.392654699385805,0.5126397209196581,-22.421284871978415,-4.806394563110862,3.031974188092805,7.875808603098949,0.935712190159663,-37.85424365003654
372.138245,-3.553169664533918,2.5540064978750006,6.383421410541582,0.5058270298325818,-22.681379311872664,-4.860879182554177,3.0480404421701044,7.86112308754927,0.9223208296680792,-38.211969567764264
373.722534,-3.599129601064333,2.5676147693,6.374255178718787,0.49915780239348845,-22.941770498464408,-4.915532622445623,3.0642810279657704,7.846538905580087,0.909225247251333,-38.56991796366769
375.306824,-3.645218585869001,2.58135158736,6.365160235612656,0.4926286215329003,-23.202400392889565,-4.970340104252326,3.0806750257995463,7.8320647352359085,0.896418652587964,-38.92802545264341
376.891144,-3.6914371836299997,2.5951988034225,6.356139302671728,0.4862339524372097,-23.463288966214474,-5.0253023018855805,3.097200776460355,7.81770672138915,0.8838902228540082,-39.28633958246327
378.475464,-3.7377814081206675,2.6091435408508334,6.347194429083154,0.4799696783163661,-23.724425330754087,-5.080414458043439,3.113842912520842,7.803469530263347,0.8716316492412454,-39.64485942445135
380.059784,-3.7842437072185833,2.6231695683500003,6.33834417346639,0.47383382770322163,-23.98583905262576,-5.135668944345568,3.130582062987382,7.789379278566284,0.8596388381313217,-40.00367325666175
381.644135,-3.8307587556510008,2.6372586294600002,6.3298579701641815,0.46786059243481704,-24.24815884123371,-5.191010640995831,3.147396439963798,7.7757859677018875,0.8479771384072741,-40.364187700446564
383.228516,-3.8774063843777506,2.6514023810000005,6.321442362105763,0.46200088628622565,-24.510800973304857,-5.246509895094414,3.1642760864070607,7.762310740245994,0.836551614163844,-40.72504010749825
384.812897,-3.924178986692251,2.665583873636667,6.313115409438032,0.4562531731887251,-24.77379483027977,-5.302159012832054,3.1812007743915514,7.7489785915337395,0.8253590100381692,-41.086316679343255
386.39727800000003,-3.971089723935416,2.6797957883175,6.304867955517926,0.45061124908883654,-25.037196348926933,-5.357973009214458,3.198161769104718,7.735777962688855,0.8143869182503384,-41.448089529362896
387.981689,-4.018138395460583,2.6940214537400005,6.2967012420853985,0.4450710887379496,-25.30101702556768,-5.413951644782895,3.2151391744326365,7.722711742735298,0.8036273237775488,-41.81038794176594
389.566101,-4.065339041124583,2.7082499717000004,6.2886064490934075,0.4396265366304391,-25.56531731176726,-5.470110983472779,3.232119984078308,7.709768899011624,0.793068049328576,-42.17329153452032
391.150574,-4.112694970111418,2.722476024079167,6.28059846709199,0.4342761674989876,-25.830185724898712,-5.526456358114206,3.24909785121381,7.696968550498355,0.7827057964951806,-42.536960784106725
392.734985,-4.160214719157334,2.7366837631700003,6.2726695240114445,0.42901453388775396,-26.095652082202044,-5.58299726493097,3.26605386263222,7.684301409356712,0.7725298723077985,-42.901433751343724
394.319458,-4.2079120011455835,2.7508650226199998,6.264810374391809,0.4238364249163772,-26.361770759304648,-5.6397493779238665,3.2829782723236085,7.671755482698501,0.7625298882378867,-43.26677821113288
395.903931,-4.255791161952751,2.7650107959858334,6.257036102159601,0.4187404229015689,-26.628638943590122,-5.696719266573963,3.2998603316843456,7.65935016416122,0.7527026903564272,-43.63316764961366
397.488403,-4.303871562031417,2.7791133483058332,6.249329120279273,0.4137202153706736,-26.896309882544777,-5.7539286535518315,3.316690809541369,7.647062517388974,0.7430358459091564,-44.00065213430662
399.072906,-4.352164429479,2.7931648120799997,6.2417037318255675,0.4087739561012974,-27.164920960997566,-5.811392321437947,3.3334603165457497,7.634910547166466,0.7335254191347089,-44.369460528668796
400.65741,-4.400655831189,2.8071557717,6.23424613894307,0.4039098137491106,-27.43477162440733,-5.8691012432635485,3.3501576157820714,7.623004665168381,0.7241864124188032,-44.74018615774357
402.241913,-4.44935773335475,2.8210795030458335,6.226993039958927,0.3991280784829479,-27.706119637887458,-5.927073151472912,3.366774682450979,7.6113909706026295,0.715018859779418,-45.11327106722219
403.826477,-4.4983294956185835,2.834929862425,6.219814811403235,0.3944075711809812,-27.97877642342051,-5.98536782940781,3.3833041844555414,7.599902276625444,0.7059823141707233,-45.488210593157106
405.41098,-4.5475916173797515,2.8486984490883334,6.212694155706708,0.389743008812151,-28.252795863836,-6.04400835991051,3.3997360960486724,7.588515985116047,0.6970664515894389,-45.86505405335593
406.995544,-4.597188613330667,2.8623905424450005,6.205641357142159,0.38513080246956566,-28.5285037854678,-6.103049250055239,3.4160767178614253,7.577243043363358,0.6882640013381587,-46.24428747328502
408.580109,-4.647155571705167,2.8760321466100005,6.198634554862365,0.38056728566055187,-28.80601910859282,-6.162530993844918,3.432357084111704,7.566052542285883,0.6795671592546497,-46.62603329289589
410.164642,-4.697507574785417,2.889650119416667,6.19167680368518,0.3760534306965485,-29.085448685934296,-6.2224722818029745,3.4486092478746495,7.554945965065497,0.67097685839454,-47.01044185813928
411.749207,-4.748258021431,2.9032641777533335,6.18477226106476,0.37158983280602315,-29.366894499324687,-6.282889795060656,3.464856739972555,7.543926819257841,0.6624934909192788,-47.397660827399484
413.333832,-4.799420539831668,2.9169072095625,6.177900923189224,0.36717586934205654,-29.650344583799384,-6.34379841696096,3.48113881002318,7.5329672696576715,0.6541149680126968,-47.78762584027306
414.918396,-4.850991162082668,2.930599448059167,6.17106866144687,0.36281392737249923,-29.935799537284083,-6.405194102617126,3.497479605051072,7.522073739961253,0.6458450776762076,-48.18034235865097
416.503021,-4.902980356475002,2.9443608553800007,6.1642804197555705,0.35850481023217545,-30.22334580986504,-6.4670900354650085,3.5139029485664373,7.511251171577839,0.6376847058182088,-48.575937605585914
418.087646,-4.955386381415168,2.958214968806667,6.1575189388797895,0.3542486289018113,-30.512885493030883,-6.529482756517394,3.530436930782233,7.500476594551916,0.6296333783592494,-48.97423258978905
419.672272,-5.008205364367752,2.9721829400666673,6.150790400720496,0.3500475470299883,-30.80442147999006,-6.592368334451997,3.547106794907862,7.489757047791989,0.6216945327312059,-49.37523719460258
421.256897,-5.061397364169,2.9862869487033334,6.1442477734345795,0.3459199471975853,-31.09847948526303,-6.655712901356102,3.5639390107839937,7.479286266904552,0.6139018116930671,-49.779982099572145
422.841492,-5.11498702315475,3.0005368883050005,6.137774365428094,0.34185295671333177,-31.394636230216584,-6.719535513226294,3.58094538576405,7.468915528423444,0.6062307737706342,-50.187643138528664
424.426117,-5.168985678137085,3.0149589484000003,6.131329474831561,0.3378432412310597,-31.692754243344115,-6.783846249595721,3.5981571753446726,7.458592038652557,0.5986746041475842,-50.597941628677646
426.010803,-5.223378193854751,3.0295690777800006,6.1249132883139525,0.33389252657800744,-31.9927385094303,-6.84862704751566,3.615593413370155,7.44831607249858,0.5912360511226775,-51.01073891255939
427.595459,-5.278163304992669,3.0443785994041668,6.1185179461946815,0.33000023076538487,-32.294536904543875,-6.913875707246683,3.633267613054929,7.438077642622997,0.5839136745115374,-51.42594432194582
429.180084,-5.333328472902084,3.05940535,6.112158470265245,0.3261690667534503,-32.598148800355276,-6.97957864413922,3.651201061371764,7.427895651462932,0.5767120605649844,-51.84358185984526
430.76474,-5.388868003388918,3.0746638851583334,6.105827078309569,0.3223988598707258,-32.90349617652808,-7.045728372800497,3.6694111294704834,7.417760215000485,0.569630495171893,-52.26352360945963
432.349426,-5.4447740057365,3.0901689766,6.099523705450178,0.3186902087074946,-33.2105281188087,-7.1123154761739915,3.6879154464379873,7.407671266523096,0.5626697068423421,-52.68569499130161
433.934082,-5.501034895340249,3.10593488922,6.093248584603659,0.31504388453440973,-33.51917308988731,-7.179326128788511,3.706731036497552,7.397629249551937,0.5558307530181948,-53.109992962398366
435.518738,-5.557640362908085,3.12196892557,6.087002420790607,0.3114600209824069,-33.8293703429051,-7.246748027175285,3.72586661476906,7.387635489679,0.5491136046217499,-53.53633291032141
437.103455,-5.614579829926085,3.1382893002500003,6.0807775844616225,0.30793875570684537,-34.141011175984886,-7.314567857346907,3.745343919191503,7.377680341684011,0.5425181172825895,-53.96454348906201
438.688141,-5.6718392064477525,3.1549000358500003,6.074590213886162,0.3044813755387342,-34.454098938223375,-7.382770182384203,3.7651677504641015,7.3677847842652575,0.5360464354720258,-54.39466181549757
440.272858,-5.7294013207219185,3.171819721166667,6.0684554030776034,0.30109014020716424,-34.768616401134885,-7.451335886838649,3.7853602931052035,7.3579678747541575,0.5297023226282926,-54.82669007936156
441.857513,-5.787221077557749,3.189051915478333,6.062487748615703,0.297776005904065,-35.08495688122442,-7.520221486906278,3.805925794881724,7.348374925446769,0.5235056661676346,-55.26140700818811
443.44223,-5.845329652424417,3.2066089966533333,6.056543051407821,0.29452440449608985,-35.402490689579196,-7.589451094993219,3.826879027973491,7.338823775759022,0.5174293601811368,-55.69764414089658
445.026917,-5.903701850266416,3.2245005757766667,6.050630043458373,0.29133682247294485,-35.721115782842766,-7.658995331513115,3.8482314625845935,7.329326035999893,0.5114758490294867,-56.1352738928607
446.611633,-5.962327588029001,3.24273565702,6.044756532364736,0.28821352161575714,-36.04081863583678,-7.7288428518011125,3.869993844607577,7.319891781100515,0.5056453523330804,-56.57429326831643
448.19635,-6.021191795693083,3.26132114484,6.038908453411872,0.28515319863533883,-36.36142603462517,-7.798974293095049,3.892174414061865,7.310503823810377,0.49993523465829715,-57.01443139147019
449.781067,-6.080273612177916,3.2802603213099997,6.033094524168832,0.2821564187142232,-36.68286543507883,-7.869365447924818,3.9147770878882575,7.301173797096886,0.49434631942699253,-57.45560480816828
451.365723,-6.139559930353501,3.299565420705,6.0273149458139965,0.27922307261053675,-37.0050613289404,-7.940000673784285,3.9378164668972904,7.2919021062510145,0.4888781197779944,-57.8977076368021
452.950439,-6.199028636483333,3.319243608875,6.021578082787301,0.2763538538466431,-37.32793497201889,-8.010854267906012,3.961301103064308,7.282699742573109,0.4835316559475377,-58.340646314669804
454.535156,-6.258656787018917,3.339296895853334,6.015870456511808,0.27354748359689407,-37.65126846247422,-8.081897471517852,3.985233395233204,7.273550515192974,0.47830438765312083,-58.78408951769546
456.119873,-6.318410297204835,3.359730316735,6.0102010394918715,0.27080514386336046,-37.97491613619665,-8.15309029528776,4.009619352461982,7.264466427686288,0.47319823148201934,-59.22785073201281
457.70459,-6.378261167477749,3.3805262926583333,6.004572366027371,0.26812581607785874,-38.298730749542365,-8.224399323560181,4.034437995523954,7.255451994176424,0.4682112788653244,-59.671734473027946
459.289307,-6.4381878115514155,3.4016722476833334,5.998986166281803,0.2655083389052586,-38.62259961742106,-8.295798794508151,4.059674315853655,7.246510319552662,0.46334131830922964,-60.115591573335855
460.874023,-6.498160484755,3.4231500303808335,5.993518038554138,0.2629570717028808,-38.94684208279879,-8.367260091849511,4.085306650902368,7.237736994012639,0.4585962067151567,-60.5600279053048
462.45874,-6.55816507947917,3.444947316596667,5.988154108904836,0.2604692406437521,-39.2713031675594,-8.438765000885576,4.111320292594625,7.229115179042995,0.45397076833749095,-61.00480416027869
464.043457,-6.618210171926083,3.4670492460125,5.982828378778037,0.2580370851883399,-39.59561563331684,-8.510317562524763,4.137697506108177,7.220562629920137,0.44945082612343285,-61.449280960719335
465.628174,-6.678285216336084,3.4894414629150003,5.977556321198124,0.2556599266078743,-39.91982600967374,-8.581906567322347,4.164421158833984,7.212099150210527,0.44503505993590564,-61.89356106137164
467.21283,-6.73838788743267,3.5121093683174998,5.9723237179092274,0.25333458638981093,-40.24383380058639,-8.653527864099857,4.191473827832121,7.203707305528948,0.44071762320666846,-62.33748189321445
468.797546,-6.798511354448083,3.53503888112,5.967145665546051,0.2510603088412393,-40.56770756086049,-8.725174676772854,4.218838708226682,7.195406232196551,0.43649705590756294,-62.78117624625492
470.382263,-6.858647005493502,3.558225812708334,5.962007595085649,0.24883488961848493,-40.8913055387637,-8.796835351741063,4.2465108011794115,7.187177809674268,0.4323692055456681,-63.2244198353915
471.96698,-6.918794063846004,3.5816447943400007,5.956924776045948,0.24665683238317077,-41.21473577928389,-8.868510337787695,4.2744598307481105,7.179041508824857,0.4283313544967067,-63.66740383642021
473.551697,-6.978950826550667,3.605296682333334,5.951882009645203,0.24452393622966156,-41.53789187074544,-8.940196226915829,4.302686818892949,7.1709781058884925,0.4243793390433627,-64.10995140556031
475.136383,-7.039107169159417,3.6291619228274996,5.946894549912284,0.24243557705345858,-41.86082806052262,-9.011882311766776,4.331168429354339,7.163006978341953,0.4205119729801626,-64.55217588718183
476.7211,-7.099279345713752,3.6532324088600006,5.941946855963377,0.24038837875365812,-42.18354058786957,-9.08358661509014,4.359894987000451,7.155108376989166,0.41672305632141665,-64.99404668273812
478.305756,-7.159449148986083,3.6774984168725,5.937046705795312,0.23838218398156844,-42.50598398529687,-9.15528809547084,4.3888548873975965,7.14729220536798,0.41301218172821363,-65.435519242657
479.890472,-7.2196274839810854,3.70194759083,5.932200688394826,0.2364153123630307,-42.8282791304268,-9.227000454806234,4.4180333844226105,7.139566397602329,0.4093762369972482,-65.87678239779599
481.475159,-7.279781208315584,3.726571436585,5.9274962993633125,0.2344936938761703,-43.15087617246521,-9.298692388768306,4.4474203408635775,7.132039908866803,0.40582573682984274,-66.31864521697155
483.059875,-7.339939607016083,3.7513596888775003,5.922845265840121,0.23260863087610897,-43.473326552967606,-9.370390596457568,4.477003505801146,7.1246024626696,0.4023449463731263,-66.76030791969765
484.644531,-7.400107170292749,3.7763019301041663,5.918247087918069,0.230758543794168,-43.79566271086669,-9.442100436483809,4.506770446504113,7.117253217510568,0.39893093183628064,-67.20181971162232
486.229187,-7.460287026395004,3.8013948337266674,5.913686626421556,0.22894132284283833,-44.11779961725837,-9.513824267512957,4.536717192965603,7.109973036721048,0.3955797755661498,-67.6430340181195
487.813873,-7.520478473087753,3.8266229307533335,5.909171042994791,0.2271560241752605,-44.439793622635825,-9.585561938848457,4.566825283951373,7.102770794401918,0.3922897201811061,-68.08404938718344
489.398529,-7.580687348859417,3.8519802118875,5.904706771967164,0.2254018248081076,-44.76173592497601,-9.657321105503542,4.597087547757172,7.095654100525185,0.3890591809217945,-68.52501010235461
490.983215,-7.640917728404334,3.877458988292501,5.900278887952234,0.22367657511164976,-45.08354555748403,-9.729105255991023,4.627494808257123,7.088604190240023,0.3858842103245441,-68.9657762849042
492.56781,-7.701176428012668,3.903048997071666,5.895894000124457,0.22197935602590146,-45.40531989581979,-9.80092321232139,4.6580348173523545,7.081628981491849,0.3827630842608639,-69.40650186575134
494.152496,-7.761459835907668,3.92875047495,5.8915586338657215,0.22031012274993358,-45.72709570764385,-9.872771351068518,4.688707857558746,7.0747361986490604,0.3796955861304319,-69.84725285838984
495.737122,-7.82178686269567,3.954545608333334,5.887257811439015,0.21866588312671262,-46.04887580681615,-9.944670866766623,4.719492669511648,7.067907035969276,0.3766763381126696,-70.28800918961849
497.321716,-7.882149145045417,3.9804377597625002,5.882998129594098,0.21704698971059666,-46.370668677483906,-10.016612465373242,4.750393266184583,7.0611493205476545,0.37370582525241686,-70.72879630405944
498.906403,-7.942565787375665,4.006409674795833,5.878778899365457,0.2154514874053256,-46.69258815764605,-10.088618946768106,4.781389055525006,7.0544619067799985,0.37078052840684755,-71.16977805199456
500.49102800000003,-8.003026466756001,4.032465418691666,5.87462808485307,0.21388119835520228,-47.01480404542724,-10.160680738314005,4.812484889154014,7.0478790037897205,0.36790355074473907,-71.61124843977392
502.075592,-8.063531151435669,4.058590021463333,5.87058103979865,0.21233725879792867,-47.33761309144401,-10.232801235118934,4.843662901367344,7.041444137916191,0.36507685540585344,-72.05369827148978
503.660217,-8.124110650571085,4.08478161948,5.866571992673921,0.21081394041103374,-47.66068000802424,-10.305011024443473,4.874920868042952,7.035075306265207,0.36229015201625164,-72.496528588853
505.244812,-8.184769781035168,4.111032519100001,5.862600437437623,0.20931039420768083,-47.984034898623015,-10.37731585491178,4.9062496073205075,7.028771621949689,0.3595418591827082,-72.93978319301249
506.829407,-8.245520972315418,4.137340767226667,5.858665405657627,0.20782570845902562,-48.30774847212878,-10.449730560307788,4.9376467883063215,7.0225314087178505,0.3568302682824256,-73.38356107240023
508.413971,-8.30637427824142,4.1636951782425005,5.854766381863456,0.20635879590929782,-48.63188087942319,-10.522267139222425,4.969099061694297,7.016353778662875,0.35415339878754376,-73.82794880238346
509.998535,-8.3673424341065,4.190093681123334,5.850902437206418,0.20490881290739107,-48.95650424065441,-10.594940790398976,5.000603955851956,7.010237122969092,0.35150967170501185,-74.27304724451439
511.583099,-8.428443390009,4.216530801649999,5.84707263009837,0.20347465401290796,-49.28172066005515,-10.667772936110923,5.032154937655193,7.004179826554189,0.348897063733141,-74.71899999336888
513.167603,-8.489686020527667,4.243003570163334,5.843276246193804,0.2020556668284672,-49.60758066139292,-10.740774167590102,5.063748463009175,6.9981806422526605,0.34631434500529634,-75.16587786243649
514.752197,-8.551095791191917,4.269503015311668,5.839505235090185,0.2006500372499048,-49.93416863842285,-10.813974189955683,5.0953738251898875,6.992229199991438,0.34375826188224107,-75.61378609896188
516.336731,-8.612694816917333,4.2960294248,5.835772525350032,0.19925767032441613,-50.2617277817908,-10.887400768632665,5.127031367554512,6.986340832172683,0.34122857385528554,-76.06309254612664
517.921265,-8.674512577829333,4.3225788320000005,5.832069843222093,0.19787687684060162,-50.59036320980919,-10.961088399849608,5.158716356190435,6.980504783937746,0.3387222413335821,-76.51393001231472
519.505737,-8.736600806447917,4.349160876861667,5.828394894874751,0.19650610050717826,-50.92035953885967,-11.03509882300038,5.190440295750242,6.974717158868381,0.33623643012766014,-76.96669311058902
521.09021,-8.798969089286082,4.3758154394325,5.824794906058117,0.19514900811590685,-51.2521903298364,-11.109448281908966,5.222250780473694,6.9690349485229675,0.33377741910725894,-77.42213333543202
522.674683,-8.861645371058083,4.4025734109500005,5.821246576338973,0.19380424593737788,-51.58582277700198,-11.184168067514067,5.25418467704116,6.9634284243053735,0.33134266120134936,-77.88015382353595
524.259155,-8.924646090012084,4.429467806387501,5.817720029333588,0.19247052853625216,-51.92109231257699,-11.259275053064886,5.286281386673426,6.95785997803243,0.3289297324727435,-78.34045927337914
525.843628,-8.987983819012669,4.4565328852091675,5.8142136704468665,0.19114834487131663,-52.2580583902587,-11.33478424345658,5.3185817958100525,6.952326831066955,0.32653934453956,-78.80312462013814
527.428101,-9.051658225264,4.483800727735,5.810726411117337,0.1898385040151807,-52.59670951394901,-11.410695241518985,5.351124190223934,6.946827058475659,0.3241727809424584,-79.26812645980353
529.012573,-9.115665458153584,4.511298564045,5.807257462498739,0.18854174524168751,-52.93701625750439,-11.487003451796838,5.383941067242372,6.941359254236752,0.32183122008988474,-79.7354177135795
530.596985,-9.180007177432335,4.53905917126,5.803798760763124,0.18725835489580425,-53.27891428017837,-11.563710169230198,5.417071544224681,6.935912961378383,0.3195150330494815,-80.20488724438675
532.181335,-9.244671781869418,4.567105197887499,5.800363932239951,0.18598988569308053,-53.62246076895181,-11.640802920279931,5.450542650689729,6.93050466333798,0.3172268475899066,-80.67663892399844
533.765747,-9.309657294286417,4.595464812345,5.796945216977355,0.18473652274444952,-53.96757332381199,-11.718278659402518,5.484388003809517,6.925124432013266,0.3149668753314613,-81.15053784536805
535.350159,-9.37495519086875,4.6241656257658335,5.793542074502,0.18349898709849086,-54.31419734486903,-11.796127213980299,5.5186405556736835,6.919771297408127,0.3127362734150405,-81.62650251587577
536.934509,-9.440548857197252,4.653229380128334,5.790154371262252,0.18227803884980504,-54.66223523261553,-11.874328755785918,5.553326253917562,6.914444983070078,0.31053628331954697,-82.1043928927687
538.518921,-9.506434767399004,4.682680689586667,5.7867815588413345,0.18107408415799858,-55.01166140231266,-11.952879076919638,5.588474473931316,6.90914452362541,0.30836752379662613,-82.58416901585606
540.10321,-9.572595985853997,4.712541788806667,5.7834235211108735,0.1798878207269994,-55.36237678267954,-12.031757965821809,5.624111751340728,6.903869678064929,0.3062311292862234,-83.06568899405336
541.687561,-9.638999140856,4.742836031835001,5.780149988602595,0.17872413954656838,-55.714860774159234,-12.11093245102884,5.660265957679718,6.898705812219641,0.304135573704661,-83.54976009131212
543.271851,-9.705645154649002,4.77358524019,5.7768838831213865,0.17757895450568859,-56.068385069186995,-12.190396091307782,5.696963135509427,6.893558305867173,0.30207361243782194,-84.03520622704548
544.85614,-9.772523034812666,4.804805157570833,5.773639019259181,0.17645325569505563,-56.42302031040356,-12.27013713898181,5.734222073909608,6.888444000759474,0.30004691440860154,-84.52215256351526
546.44043,-9.839614661791083,4.836517994980001,5.770401444312117,0.17534686570230504,-56.778526655873954,-12.350132598563006,5.7720692802654,6.8833457657428365,0.29805508735727887,-85.01023292868123
548.024658,-9.906894256584751,4.868741667573334,5.767185240753456,0.17426115027538105,-57.13489433828076,-12.430353075388826,5.810526135148678,6.8782808820826995,0.29610044832058663,-85.49945991598486
549.608948,-9.974357607466086,4.9014969608225005,5.7639761780055,0.17319545180699364,-57.49195964034245,-12.510792172225175,5.849617444666359,6.873231768493623,0.29418177642906684,-85.98957420715942
551.193176,-10.041970316364335,4.93479579408,5.760788660936286,0.1721511435858393,-57.849668731970425,-12.591410207942868,5.889357433789483,6.868216253700691,0.29230141336787535,-86.48052824720601
552.777344,-10.109719532805668,4.968652893483334,5.757608826127354,0.17112760260462012,-58.207810411754025,-12.672190475693055,5.929763677204211,6.863217378356684,0.2904582130793771,-86.97199789462263
554.361572,-10.177582090359751,5.00309223462,5.754450447928855,0.17012610554966498,-58.566391818703366,-12.753106698411658,5.970864788212969,6.858251904670833,0.288654323866936,-87.4640183048521
555.94574,-10.245537342682752,5.0381178640375,5.751300117270674,0.16914593883901657,-58.92516012047238,-12.834132865552986,6.012665596106696,6.8533036478764,0.2868884658148897,-87.95620958482468
557.529907,-10.313556983489752,5.073753094443333,5.748171686633486,0.1681884198058628,-59.28409624097686,-12.915236565804857,6.055193923083704,6.848389500579696,0.2851628576653472,-88.44857049476096
559.114014,-10.38162343087692,5.1100076216,5.7450515205909465,0.16725283609367655,-59.64296147776204,-12.996395445997532,6.098461340405163,6.843492893177376,0.28347621229388437,-88.94073987160692
560.69812,-10.449703441347914,5.146895796791666,5.74197437758768,0.16634141211319908,-60.00192941360953,-13.077573257570908,6.14248497539419,6.838656331826327,0.2818323435101186,-89.43302916280993
562.282288,-10.517768049891083,5.18442649296,5.738947429147272,0.16545468469503644,-60.36091791028975,-13.158736117201924,6.187275417328876,6.833888677490073,0.2802321346204803,-89.92533776142591
563.866333,-10.585799422447666,5.2226132397375,5.735936253365011,0.16459090565093812,-60.719470678067964,-13.23985931563894,6.232848812944577,6.8291479528317405,0.2786724885537519,-90.41695814117591
565.450378,-10.65377370751142,5.2614705675458335,5.732940933986517,0.1637502365332667,-61.07745538922151,-13.320914387662425,6.279222503353354,6.824434281441218,0.2771536306627812,-90.907704807307
567.034485,-10.721668650696918,5.301003737773334,5.729961721210262,0.16293259203202376,-61.434750955993415,-13.401874774112546,6.32640276767957,6.819748078169834,0.27567537560380256,-91.3974097346268
568.61853,-10.789450469930417,5.34122544036,5.726998899486128,0.16213828919145093,-61.79117096735159,-13.482700158284128,6.374404750540264,6.815089798683169,0.27423822030838296,-91.88581230742611
570.202515,-10.857088002484168,5.382143693985,5.724045933828541,0.1613671234657186,-62.14647043383814,-13.563352664667363,6.423238021706859,6.810451621607462,0.27284176546127586,-92.37255714951773
571.786499,-10.924556674139,5.423774071823334,5.721116504535753,0.16061989515807332,-62.50066149315285,-13.643804335217226,6.4729211667496145,6.805850165854837,0.2714873434236367,-92.8576879977291
573.370483,-10.991821864806418,5.46611419128,5.71820432025774,0.15989623785646867,-62.853483274839554,-13.724013168250693,6.523451342196547,6.801278026912594,0.270174291289054,-93.34082920228252
574.954407,-11.058857788716,5.5091786136525,5.715309360287451,0.15919624310432462,-63.20479343393634,-13.803948390129898,6.574845926008017,6.796735151145519,0.2689027129964958,-93.82178124779448
576.538269,-11.125620344979417,5.552973291112501,5.712432114484206,0.15852022339244656,-63.55435095221927,-13.883557369316405,6.6271120217133115,6.7922223380154465,0.2676731059904474,-94.30020849498985
578.122192,-11.192083989295002,5.5975079929066665,5.709572609759697,0.15786813735607888,-63.90201619140878,-13.962809620349578,6.680261288272165,6.787739618507925,0.26648535203758916,-94.77591604573043
579.706055,-11.258216402126248,5.642785717215001,5.706724306226052,0.15723962209907688,-64.24753718676666,-14.041665887373878,6.734297303817176,6.783279165011604,0.2653387865583521,-95.2485396558774
581.289917,-11.323959559159334,5.688817914765,5.703942215225346,0.15663799753483038,-64.59121097299352,-14.120062398710076,6.789233734045956,6.778907976210262,0.2642390947150235,-95.71860361920234
582.873779,-11.389294409634417,5.735603578268334,5.7011922613898705,0.15606116856645036,-64.93255715089865,-14.197972995146747,6.845069376825476,6.7745846675988615,0.26318262066963144,-96.18537016390384
584.457581,-11.454175244845247,5.78315195215,5.698454297815202,0.15550846073639676,-65.27109415191688,-14.275341072647452,6.901815264774989,6.770284881289371,0.262168147603578,-96.64812583939423
586.041382,-11.518563029689755,5.831470359641667,5.695735305224227,0.15498033964939933,-65.60668611365448,-14.352120729917107,6.959480137694614,6.766017149320467,0.26119643391281616,-97.10669498773693
587.625122,-11.582416602677084,5.880560162545001,5.693035581433772,0.1544768683341032,-65.9391098380299,-14.428262843396757,7.018065620805958,6.761781951852585,0.26026755022288783,-97.56076729106546
589.208862,-11.645682678134749,5.930430182110001,5.6903554386991875,0.1539984682798409,-66.26807376488898,-14.503703820106166,7.077582241696472,6.757579778920566,0.2593821717429919,-98.0099356542024
590.792603,-11.708317144517666,5.98108141596,5.687701935414438,0.15354555577815082,-66.59341808331918,-14.578391700132936,7.138031190964639,6.7534192933724215,0.2585409766959824,-98.45399177401815
592.376282,-11.770266056885001,6.032516419249999,5.685061875334868,0.15311777683337252,-66.91469082254498,-14.652260734979048,7.1994155180215635,6.7492846395406545,0.25774331006450873,-98.89227831313875
593.9599,-11.831463854946419,6.0847364519200005,5.682442576959152,0.15271595272713254,-67.23161395710079,-14.725233367086943,7.261736726523593,6.745184901080458,0.25699054189084636,-99.32442177256101
595.543579,-11.891855206699418,6.1377494601825004,5.679844232016511,0.15234046339188304,-67.54388520374721,-14.797243561314767,7.325004299757898,6.741120363851596,0.25628327251638394,-99.7499999000509
597.127197,-11.951361540006673,6.1915638736,5.677274101554248,0.15199245028477948,-67.85115534939138,-14.86819823113532,7.389228297858403,6.7371000012850715,0.2556234071410882,-100.16853832208847
598.710815,-12.009903110902666,6.246170958333334,5.674719444447887,0.1516718150745842,-68.15283070937453,-14.938000838878589,7.454398297556797,6.733108709974942,0.25501073742704283,-100.57918355786641
600.294312,-12.067378172831003,6.301574125583334,5.672194593971944,0.15138034060284028,-68.44851723534704,-15.006531325024266,7.520518369899143,6.729164158263365,0.25444826962934647,-100.98141273220973
